date,sealevelpressure,airtemperature,dewpoint,winddirection,windspeed,meantemp
11/1/2015,29.61,86.5,78.3,170,17.5,24
5/2/2015,29.59,86.9,79,170,15.6,26
5/2/2015,29.64,86.7,79.9,190,19.4,26
5/2/2015,29.67,86,80.2,200,19.4,26
5/3/2015,29.61,85.8,80.1,190,19.4,28
6/4/2015,29.66,85.5,79.5,200,17.5,30
6/4/2015,29.68,86.2,78.6,200,15.6,30
6/4/2015,29.68,85.8,78.6,180,15.6,30
6/4/2015,29.61,86.7,78.4,170,13.6,30
6/4/2015,29.56,93,79.3,180,19.4,30
6/5/2015,29.66,86.7,81,180,21.4,30
6/5/2015,29.63,85.6,81.7,190,17.5,30
6/5/2015,29.65,86.2,79.7,190,17.5,30
6/5/2015,29.62,86.5,81.1,140,11.7,30
6/5/2015,29.67,85.6,82,180,17.5,30
12/5/2015,29.73,84.6,78.6,200,19.4,31
12/5/2015,29.67,84.4,78.4,180,23.3,31
12/5/2015,29.71,84,76.6,190,13.6,31
12/5/2015,29.76,84.7,76.8,220,13.6,31
12/5/2015,29.75,85.3,78.3,200,9.7,31
12/5/2015,29.69,85.8,79.9,170,7.8,31
12/5/2015,29.65,84.9,80.6,140,11.7,31
6/6/2015,29.71,84.4,81.9,170,7.8,31
10/8/2015,29.71,84.4,80.4,190,15.6,31
10/8/2015,29.67,84,77.4,200,13.6,31
10/8/2015,29.69,83.5,80.2,190,15.6,31
12/8/2015,29.76,83.7,77.4,210,9.7,30
10/9/2015,29.62,86,80.6,160,17.5,27
10/9/2015,29.68,86.2,81.5,170,15.6,27
10/9/2015,29.7,85.8,81.5,190,15.6,27
10/9/2015, ,85.5,80.8,200,21.4,27
10/10/2015,29.73,88.9,79.3,220,9.7,29
10/10/2015,29.69,86.2,77.2,210,9.7,29
10/10/2015,29.64,86.7,77.2,140,5.8,29
10/10/2015,29.6,86.2,79.7,140,13.6,29
10/10/2015,29.7,84.6,78.3,230,3.9,29
10/11/2015,29.64,86,77.4,150,5.8,24
5/12/2015,29.63,86.2,76.8,110,7.8,24
5/12/2015,29.69,86.2,79,170,13.6,24
5/12/2015,29.72,80.4,78.8,220,21.4,24
5/12/2015,29.68,80.6,77.4,220,25.3,24
5/12/2015,29.68,81.9,75.6,240,23.3,24
5/12/2015,29.73,84.6,74.8,250,11.7,24
10/12/2015,29.71,84.2,76.5,240,13.6,26
6/1/2016,29.66,84.4,77,180,11.7,25
6/1/2016,29.63,84.9,79.3,130,7.8,25
6/1/2016,29.69,84.4,80.1,170,13.6,25
6/1/2016,29.7,84.7,79.7,170,13.6,25
6/1/2016,29.67,82.8,77.2,230,11.7,25
6/1/2016,29.68,81.7,74.7,230,15.6,25
9/1/2016,29.71,86.2,72.9,240,11.7,25
9/1/2016,29.69,85.8,74.3,190,9.7,25
9/1/2016,29.64,88.2,73.8,30,7.8,25
9/1/2016,29.7,84.6,73.6,210,15.6,25
9/1/2016,29.65,84.7,75.7,200,19.4,25
9/1/2016,29.57,85.6,77,200,19.4,25
9/1/2016,29.55,85.6,77,180,23.3,25
11/1/2016,29.66,83.3,75.6,190,13.6,24
11/1/2016,29.67,84.9,77.5,220,17.5,24
11/1/2016,29.63,84.7,78.8,210,19.4,24
12/1/2016,29.64,84.7,77.7,220,15.6,24
12/1/2016,29.69,85.3,75.9,220,17.5,24
12/1/2016,29.66,84.9,77,210,17.5,24
12/1/2016,29.57,85.1,77.5,180,17.5,24
12/1/2016,29.55,86,78.8,180,17.5,24
12/1/2016,29.63,85.1,80.1,180,21.4,24
12/1/2016,29.65,84.7,80.8,200,23.3,24
12/1/2016,29.62,86.2,74.7,220,13.6,24
9/2/2016,29.66,85.1,74.8,220,11.7,26
11/2/2016,29.71,85.5,70.7,220,17.5,26
11/2/2016,29.69,86,73.6,230,15.6,26
11/2/2016,29.6,85.5,75.2,170,15.6,26
11/2/2016,29.6,85.6,77,140,9.7,26
11/2/2016,29.68,84.6,79.7,160,17.5,26
11/2/2016,29.7,85.1,79.9,180,19.4,26
12/2/2016,29.65,85.1,79.5,200,17.5,26
12/2/2016,29.67,85.1,79.5,210,13.6,26
12/2/2016,29.72,86.7,78.8,210,7.8,26
12/2/2016,29.71,86.4,76.1,230,9.7,26
12/2/2016,29.65,86.4,78.4,200,11.7,26
12/2/2016,29.63,85.5,77.9,150,9.7,26
5/3/2016,29.69,85.6,77.4,140,7.8,28
5/3/2016,29.71,84.9,79.7,170,11.7,28
5/3/2016,29.67,85.3,79,200,19.4,28
5/3/2016,29.68,84.6,79.9,200,19.4,28
10/3/2016,29.72,84.4,79.5,210,19.4,28
10/3/2016,29.71,84.9,79.9,210,13.6,28
10/3/2016,29.63,86.2,79,160,11.7,28
10/3/2016,29.6,85.6,78.4,150,15.6,28
11/3/2016,29.65,85.1,79.5,160,17.5,28
5/4/2016,29.71,85.1,81.1,190,15.6,30
6/4/2016,29.66,85.6,80.1,200,13.6,30
11/4/2016,29.68,84.9,80.2,230,9.7,30
11/4/2016,29.73,86.4,79.2,230,7.8,30
11/4/2016,29.71,86.5,76.6,210,5.8,30
6/5/2016,29.65,86.9,77.4,180,7.8,32
6/5/2016,29.63,85.3,78.3,130,7.8,32
6/5/2016,29.68,85.1,78.4,120,9.7,32
8/5/2016,29.68,84.7,79.5,220,17.5,32
11/5/2016,29.72,86.5,76.6,230,9.7,32
11/5/2016,29.71,85.6,76.3,240,9.7,32
11/5/2016,29.67,86.2,77.5,130,11.7,32
11/5/2016,29.79,83.7,75.9,260,13.6,32
11/5/2016,29.78,84,76.6,280,13.6,32
8/6/2016,29.75,81.7,73.9,230,11.7,29
8/6/2016,29.77,82.4,75.7,250,11.7,29
8/6/2016,29.81,84,75,240,13.6,29
10/6/2016,29.79,85.3,74.3,270,15.6,32
10/6/2016,29.69,86.9,79,100,7.8,32
11/6/2016,29.78,84.6,74.8,220,11.7,32
1/7/2016,29.76,84.6,75.9,210,11.7,30
1/7/2016,29.69,85.3,77.4,210,15.6,30
2/7/2016,29.78,84.9,79.3,200,9.7,32
2/7/2016,29.75,84.9,79.9,180,9.7,32
2/7/2016,29.74,84.7,79.7,190,11.7,32
2/7/2016,29.76,85.1,79.9,200,11.7,32
2/7/2016,29.8,83.8,77.9,190,11.7,32
2/7/2016,29.77,85.1,78.4,240,11.7,32
8/7/2016,29.72,86,76.6,270,9.7,30
8/7/2016,29.72,86,77,320,7.8,30
8/7/2016,29.79,85.6,77.4,170,1.9,30
8/7/2016,29.79,84.9,78.6,170,7.8,30
10/7/2016,29.73,84.2,79,170,9.7,32
10/7/2016,29.75,84.6,79.3,200,15.6,32
11/7/2016,29.81,84.9,79.3,210,19.4,32
11/7/2016,29.79,82.8,75.7,270,15.6,32
11/7/2016,29.72,84.2,77.2,320,13.6,32
11/7/2016,29.76,85.1,78.1,280,5.8,32
11/7/2016,29.81,85.3,78.6,20,5.8,32
11/7/2016,29.83,84.6,76.3,350,9.7,32
2/8/2016,29.8,83.7,75.6,320,7.8,29
2/8/2016,29.79,83.7,77,360,5.8,29
8/8/2016,29.79,86,77.4,240,1.9,32
8/8/2016,29.74,85.6,75.4,100,1.9,32
8/8/2016,29.83,85.5,77.5,180,11.7,32
8/8/2016,29.82,84.7,78.4,200,13.6,32
8/8/2016,29.78,84.2,78.6,220,13.6,32
11/8/2016,29.78,83.1,75.4,230,19.4,32
4/9/2016,29.85,84.2,76.5,240,9.7,28
4/9/2016,29.78,84.7,75.7,140,1.9,28
4/9/2016,29.73,85.1,77.2,140,5.8,28
5/9/2016,29.71,84.2,77.2,170,17.5,30
5/9/2016,29.76,84.4,78.1,210,13.6,30
8/9/2016,29.78,83.3,78.1,210,17.5,30
8/9/2016,29.72,81.9,74.8,240,15.6,30
8/9/2016,29.73,82.2,74.8,220,17.5,30
8/9/2016,29.75,82.9,75.2,230,13.6,30
8/9/2016,29.66,86.2,75.9,130,7.8,30
8/9/2016,29.65,84.9,78.3,200,15.6,30
11/9/2016,29.7,82.6,75.9,240,13.6,27
11/9/2016,29.72,83.1,76.5,200,13.6,27
11/9/2016,29.66,82.9,77.7,230,19.4,27
11/9/2016,29.65,83.3,77,230,17.5,27
4/10/2016,29.71,84.2,76.8,260,13.6,29
4/10/2016,29.67,84.2,75.2,240,15.6,29
4/10/2016,29.59,84.9,76.3,200,13.6,29
4/10/2016,29.58,84.9,79,190,13.6,29
4/10/2016,29.66,81.9,74.5,240,19.4,29
5/10/2016,29.65,83.5,74.8,250,15.6,30
5/10/2016,29.67,85.1,76.5,220,9.7,30
5/10/2016,29.57,90.3,76.3,180,9.7,30
5/10/2016,29.66,87.4,74.1,240,7.8,30
8/10/2016,29.6,86,78.1,180,9.7,31
8/10/2016,29.58,85.5,78.3,160,11.7,31
8/10/2016,29.65,86,80.2,180,15.6,31
8/10/2016,29.58,79.3,76.8,220,9.7,31
8/10/2016,29.63,82.6,74.8,210,7.8,31
8/10/2016,29.7,86.7,76.5,280,11.7,31
8/10/2016,29.62,88.7,79.2,340,3.9,31
8/10/2016,29.62,87.8,79.2,70,3.9,31
10/10/2016,29.68,86.2,81.1,150,7.8,30
10/10/2016,29.68,85.6,80.6,180,11.7,30
10/10/2016,29.65,84,75,220,19.4,30
11/10/2016,29.65,79.7,75.2,340,15.6,30
11/10/2016,29.74,79.9,74.3,270,9.7,30
11/10/2016,29.64,86.5,75.4,240,7.8,30
11/10/2016,29.62,84.9,79,190,9.7,30
8/11/2016,29.72,79.9,75,240,11.7,27
8/11/2016,29.72,82.9,75.2,230,5.8,27
8/11/2016,29.72,84.9,75.9,170,13.6,27
8/11/2016,29.79,84.9,77.9,160,7.8,27
8/11/2016,29.82,84.6,77.5,150,9.7,27
8/11/2016,29.77,84.2,75.9,160,7.8,27
8/11/2016,29.8,84.4,77.7,180,5.8,27
10/11/2016,29.85,86.4,77.7,180,7.8,26
10/11/2016,29.83,85.1,78.4,200,5.8,26
10/11/2016,29.76,85.3,77,170,5.8,26
10/11/2016,29.75,85.5,77.9,160,9.7,26
10/11/2016,29.81,85.1,78.4,150,9.7,26
10/11/2016,29.82,85.1,78.8,150,13.6,26
10/11/2016,29.78,84.6,78.3,170,11.7,26
8/12/2016,29.78,84.6,78.3,180,11.7,26
8/12/2016,29.86,85.6,77.7,180,13.6,26
8/12/2016,29.83,85.3,78.6,190,9.7,26
8/12/2016,29.74,85.8,78.3,180,15.6,26
8/12/2016,29.71,85.5,77.9,140,15.6,26
8/12/2016,29.78,85.1,78.4,180,21.4,26
8/12/2016,29.82,84.9,78.3,170,17.5,26
8/12/2016,29.75,84.7,76.8,200,17.5,26
8/12/2016,29.74,84.4,77.7,210,17.5,26
8/12/2016,29.81,84.7,77.7,220,9.7,26
8/12/2016,29.8,85.5,77.2,200,9.7,26
8/12/2016,29.71,84.9,77.9,150,9.7,26
8/12/2016,29.7,84.7,78.8,150,13.6,26
10/12/2016,29.74,84.9,79.7,170,15.6,24
10/12/2016,29.76,82.4,74.3,230,7.8,24
10/12/2016,29.7,83.3,74.3,200,9.7,24
10/12/2016,29.73,81.1,74.8,250,9.7,24
10/12/2016,29.81,82.8,75.7,300,5.8,24
10/12/2016,29.77,83.1,74.5,240,21.4,24
10/12/2016,29.71,84,76.3,240,15.6,24
10/12/2016,29.72,84.9,77,220,17.5,24
11/12/2016,29.77,84.9,74.7,230,21.4,24
11/12/2016,29.77,83.8,76.8,230,23.3,24
11/12/2016,29.72,83.5,76.5,250,19.4,24
1/1/2017,29.72,83.7,73,260,25.3,26
1/1/2017,29.8,83.7,73,240,25.3,26
1/1/2017,29.77,84.4,72.5,240,17.5,26
1/1/2017,29.72,86.2,74.3,260,1.9,26
3/1/2017,29.7,84.7,78.4,160,11.7,25
3/1/2017,29.8,78.1,74.3,240,25.3,25
3/1/2017,29.8,80.2,74.3,210,7.8,25
3/1/2017,29.73,80.8,72.7,240,13.6,25
3/1/2017,29.74,83.3,72.7,240,19.4,25
3/1/2017,29.78,84.2,73.6,240,19.4,25
3/1/2017,29.75,85.1,74.5,220,13.6,25
3/1/2017,29.67,87.3,76.5,210,7.8,25
3/1/2017,29.66,86.7,78.1,90,5.8,25
3/1/2017,29.73,87.6,75.6,150,1.9,25
3/1/2017,29.73,85.3,75,200,13.6,25
3/1/2017,29.69,83.5,72.5,240,17.5,25
3/1/2017,29.72,81.1,69.8,270,13.6,25
4/1/2017,29.77,84.6,71.2,250,17.5,24
4/1/2017,29.72,86.5,71.8,250,11.7,24
4/1/2017,29.64,89.1,71.6,120,3.9,24
4/1/2017,29.77,82.6,74.8,300,5.8,24
4/1/2017,29.67,85.1,74.5,20,1.9,24
4/1/2017,29.61,85.3,78.3,80,5.8,24
4/1/2017,29.69,85.5,77.9,100,9.7,24
5/1/2017,29.69,85.3,77.4,100,9.7,25
5/1/2017,29.65,84.9,78.3,120,7.8,25
5/1/2017,29.68,84.6,78.3,140,5.8,25
5/1/2017,29.75,83.5,73.4,280,3.9,25
6/1/2017,29.7,86.4,78.4,330,3.9,25
6/1/2017,29.66,87.6,76.5,80,5.8,25
6/1/2017,29.66,85.5,76.8,120,7.8,25
6/1/2017,29.73,85.6,77,110,9.7,25
6/1/2017,29.74,85.1,78.8,150,7.8,25
9/1/2017,29.68,84.7,78.4,170,7.8,24
9/1/2017,29.72,81.9,77.7,280,13.6,24
1/2/2017,29.78,83.8,75.2,270,5.8,25
1/2/2017,29.73,84.6,78.6,10,3.9,25
1/2/2017,29.67,84.9,77.5,120,5.8,25
1/2/2017,29.67,84,77,170,5.8,25
3/2/2017,29.73,83.8,77.9,230,7.8,25
3/2/2017,29.74,83.5,79,240,7.8,25
3/2/2017,29.67,83.3,77.7,240,7.8,25
3/2/2017,29.69,83.8,78.3,250,3.9,25
3/2/2017,29.74,83.8,78.3,90,7.8,25
3/2/2017,29.72,85.3,77,160,5.8,25
3/2/2017,29.65,79.9,77.7,160,11.7,25
3/2/2017,29.62,82.2,74.8,180,5.8,25
4/2/2017,29.96,81.3,73.9,180,1.9,24
4/2/2017,29.88,81.1,73,140,3.9,24
5/2/2017,29.9,80.4,73,120,5.8,25
5/2/2017,29.96,80.6,73.2,90,1.9,25
5/2/2017,29.97,80.1,72.7,60,3.9,25
5/2/2017,29.9,79.5,73.6,70,7.8,25
5/2/2017,29.93,79.3,73,60,7.8,25
5/2/2017,29.98,81.1,73,80,7.8,25
5/2/2017,29.98,83.3,73.2,40,3.9,25
5/2/2017,29.88,81,72.9,20,7.8,25
5/2/2017,29.89,80.6,73.9,10,7.8,25
5/2/2017,29.9,80.6,73.2,40,9.7,25
8/2/2017,29.91,80.6,73.2,30,11.7,24
8/2/2017,29.98,81.3,75,70,11.7,24
8/2/2017,29.97,82.6,75.6,60,9.7,24
9/2/2017,29.93,81.1,74.1,40,13.6,24
9/2/2017,29.97,80.8,74.5,40,13.6,24
9/2/2017,29.99,82,72.3,40,13.6,24
9/2/2017,29.92,81.5,72.1,40,13.6,24
9/2/2017,29.94,81,72.5,40,15.6,24
11/2/2017,30.01,81.1,71.8,50,15.6,24
12/2/2017,30.01,80.6,70.9,50,15.6,25
12/2/2017,29.96,80.2,70.2,50,15.6,25
12/2/2017,29.98,80.1,70.3,50,15.6,24
1/3/2017,30.05,81,70.5,60,13.6,26
1/3/2017,30.01,81.3,67.8,60,15.6,26
1/3/2017,30.01,80.8,68.2,40,17.5,26
1/3/2017,29.99,80.6,70.2,50,15.6,26
1/3/2017,30.01,80.2,68.9,50,17.5,26
3/3/2017,30.07,81.1,68.5,70,17.5,26
3/3/2017,30.04,81,68.4,50,15.6,26
3/3/2017,29.95,81,70,60,17.5,26
3/3/2017,29.95,81.1,65.1,60,17.5,26
3/3/2017,29.99,80.6,68,80,21.4,26
3/3/2017,30.01,80.4,69.1,50,19.4,26
4/3/2017,29.98,79.9,64.9,40,19.4,28
4/3/2017,30,79.7,66.2,50,13.6,28
4/3/2017,30.06,80.6,63.7,60,19.4,28
4/3/2017,30.03,80.2,63.9,60,19.4,28
4/3/2017,29.94,80.1,66,60,17.5,28
4/3/2017,29.96,79.7,66.7,30,17.5,28
4/3/2017,29.99,80.1,70.9,40,19.4,28
5/3/2017,29.9,79.5,70,40,21.4,29
5/3/2017,29.93,79.5,69.1,50,23.3,29
5/3/2017,29.95,77.9,68,10,13.6,29
5/3/2017,30.05,78.4,68,30,17.5,29
5/3/2017,30.02,79.2,69.1,20,15.6,29
5/3/2017,29.94,78.8,68,30,19.4,29
5/3/2017,29.95,75.4,70.5,350,11.7,29
1/4/2017,30.02,79.9,73.2,60,23.3,30
1/4/2017,30.03,78.6,72,40,15.6,30
3/4/2017,29.93,80.4,73.4,40,13.6,31
3/4/2017,29.94,79.9,73.2,60,21.4,31
7/4/2017,30.01,80.1,72.7,60,17.5,32
7/4/2017,30,79.2,71.8,60,15.6,32
7/4/2017,29.94,79.3,72,60,15.6,32
9/4/2017,29.96,78.8,72.1,40,5.8,31
1/5/2017,30,81.9,70.9,20,17.5,31
1/5/2017,29.98,80.4,70.7,40,15.6,31
1/5/2017,29.91,80.2,69.4,30,11.7,31
4/5/2017,29.91,80.2,68.5,40,19.4,30
4/5/2017,29.95,79.3,72,40,21.4,30
4/5/2017,29.92,78.4,71.8,60,17.5,30
4/5/2017,29.9,79.3,70.5,80,17.5,30
4/5/2017,29.88,78.6,70.2,70,13.6,30
4/5/2017,29.96,80.4,70,60,15.6,30
4/5/2017,29.93,80.1,69.6,80,11.7,30
4/5/2017,29.85,80.4,68.7,30,11.7,30
8/5/2017,29.86,79.3,67.6,40,15.6,32
8/5/2017,29.93,79.3,67.6,50,13.6,32
8/5/2017,29.92,79,66.9,60,11.7,32
8/5/2017,29.85,78.4,66.7,40,9.7,32
1/6/2017,29.85,78.3,68.4,10,11.7,33
1/6/2017,29.97,79.7,69.6,60,9.7,33
1/6/2017,29.94,79.2,70,50,9.7,33
1/6/2017,29.9,74.5,70.7,340,9.7,33
1/6/2017,29.98,79.5,68.2,30,17.5,33
4/6/2017,29.94,79.5,70.3,30,17.5,33
5/6/2017,29.87,79.3,69.8,50,19.4,34
5/6/2017,29.89,79.5,70,50,15.6,34
5/6/2017,29.96,79.5,68.7,70,19.4,34
7/6/2017,29.96,78.8,67.6,50,11.7,28
7/6/2017,29.91,78.4,66,40,13.6,28
7/6/2017,30,79.3,65.5,60,11.7,28
7/6/2017,29.96,80.1,67.1,50,15.6,28
8/6/2017,29.86,79.7,64.4,60,15.6,31
11/6/2017,29.88,79.7,62.2,60,13.6,33
11/6/2017,29.94,79.3,62.4,50,15.6,33
1/7/2017,29.93,78.6,60.8,40,13.6,31
1/7/2017,29.89,77.4,62.1,60,9.7,31
1/7/2017,30,79,64.2,60,9.7,31
1/7/2017,29.96,79.9,64,50,11.7,31
1/7/2017,29.88,79.2,64.2,40,15.6,31
1/7/2017,29.88,78.4,66.7,30,17.5,31
1/7/2017,29.89,78.4,66,20,15.6,31
1/7/2017,29.87,78.8,66.2,40,17.5,31
1/7/2017,29.97,79,68.5,50,17.5,31
4/7/2017,29.95,79.5,69.4,30,13.6,31
4/7/2017,29.94,81.5,75.2,230,1.9,31
4/7/2017,30.01,82.6,75.6,150,9.7,31
4/7/2017,30.03,82.2,75.6,260,5.8,31
4/7/2017,29.91,82.4,72.3,180,5.8,31
4/7/2017,29.93,82,71.6,160,11.7,31
5/7/2017,29.89,81.9,71.8,180,9.7,33
5/7/2017,29.83,78.1,59.7,60,15.6,33
7/7/2017,29.85,77.2,58.3,60,11.7,28
7/7/2017,29.91,78.3,59.4,60,9.7,28
7/7/2017,29.9,78.1,61.3,40,15.6,28
7/7/2017,29.97,78.6,68.2,90,11.7,28
1/8/2017,29.98,78.4,68,90,11.7,30
1/8/2017,30.04,80.1,68.4,70,11.7,30
4/8/2017,29.95,79.9,73.9,60,15.6,32
4/8/2017,29.95,79.3,73.8,70,11.7,32
4/8/2017,29.92,78.8,73.6,80,7.8,32
4/8/2017,29.93,79,72.7,90,7.8,32
4/8/2017,30.03,79.3,67.3,80,11.7,32
4/8/2017,30.04,79,67.8,50,13.6,32
5/8/2017,30.11,80.4,67.8,70,11.7,30
5/8/2017,30.12,81.7,68.2,70,9.7,30
5/8/2017,29.96,79.7,64.4,50,11.7,30
5/8/2017,29.98,78.8,63.5,80,11.7,30
10/8/2017,29.95,78.3,63.9,50,13.6,30
11/8/2017,29.96,77.9,64,50,17.5,30
1/9/2017,29.86,80.1,70,60,7.8,29
1/9/2017,29.85,79.7,70.5,80,7.8,29
1/9/2017,29.91,79.3,70.9,80,7.8,29
1/9/2017,29.93,79.3,72,120,7.8,29
1/9/2017,29.88,78.8,70.7,100,5.8,29
1/9/2017,29.9,78.4,70.7,100,3.9,29
1/9/2017,29.97,79.3,70.2,100,7.8,29
4/9/2017,29.98,82.6,70.3,70,5.8,30
4/9/2017,29.9,80.8,71.6,60,9.7,30
4/9/2017,29.88,80.6,70.9,50,11.7,30
4/9/2017,29.93,79.9,71.1,20,11.7,30
5/9/2017,29.93,79.3,70.5,30,9.7,31
5/9/2017,29.89,78.6,70.2,40,7.8,31
5/9/2017,29.9,78.8,69.6,20,9.7,31
9/9/2017,29.97,79.9,69.4,361,7.8,30
9/9/2017,29.99,80.6,69.3,360,7.8,30
9/9/2017,29.9,80.4,70,20,11.7,30
9/9/2017,29.87,79.9,70.3,20,13.6,30
9/9/2017,29.93,79.2,70.3,30,11.7,30
9/9/2017,29.95,78.6,70.5,20,9.7,30
11/9/2017,29.91,78.1,70.3,10,7.8,30
11/9/2017,29.91,78.1,69.6,20,9.7,30
12/9/2017,29.95,79.5,68.7,40,11.7,29
1/10/2017,29.96,80.4,70,20,9.7,28
1/10/2017,29.88,80.8,71.1,40,9.7,28
1/10/2017,29.88,80.6,70.9,30,7.8,28
1/10/2017,29.94,79.7,69.6,60,7.8,28
4/10/2017,29.94,79.2,70.3,30,7.8,28
4/10/2017,29.88,78.4,70.7,50,7.8,28
4/10/2017,29.89,78.3,71.4,90,5.8,28
4/10/2017,29.96,78.8,71.8,320,5.8,28
4/10/2017,29.94,80.1,70.9,20,9.7,28
4/10/2017,29.85,79.9,70.7,30,11.7,28
4/10/2017,29.83,80.1,72,40,11.7,28
4/10/2017,29.88,79.9,70.3,60,13.6,28
10/10/2017,29.86,79.7,70.2,100,11.7,29
10/10/2017,29.79,78.6,70.2,50,7.8,29
10/10/2017,29.79,77.4,72.1,320,3.9,29
10/10/2017,29.88,78.4,71.1,300,7.8,29
12/10/2017,29.87,79.2,72.1,330,13.6,28
12/10/2017,29.78,80.4,69.1,30,11.7,28
12/10/2017,29.76,80.6,70.9,50,11.7,28
3/11/2017,29.85,84.6,76.3,140,13.6,25
3/11/2017,29.9,84,76.3,160,11.7,25
4/11/2017,29.85,83.1,76.1,150,11.7,25
4/11/2017,29.87,83.5,75.4,170,5.8,25
7/11/2017,29.76,83.1,76.1,180,13.6,24
7/11/2017,29.79,82.6,75.2,200,9.7,24
8/11/2017,29.86,84.7,76.5,180,13.6,26
8/11/2017,29.84,84.6,76.6,210,15.6,26
8/11/2017,29.74,83.7,78.4,170,17.5,26
8/11/2017,29.78,84.6,77.2,120,7.8,26
8/11/2017,29.82,84.4,76.6,140,3.9,26
8/11/2017,29.77,84,75.7,160,5.8,26
9/11/2017,29.77,83.7,75.6,150,5.8,27
9/11/2017,29.64,86.2,80.8,210,23.3,27
9/11/2017,29.64,86,80.6,220,25.3,27
9/11/2017,29.7,85.8,76.5,220,17.5,27
10/11/2017,29.7,87.1,78.1,160,15.6,26
10/11/2017,29.64,87.8,77.9,290,5.8,26
10/11/2017,29.63,85.8,78.6,240,5.8,26
10/11/2017,29.67,85.6,80.6,260,3.9,26
10/11/2017,29.67,86.2,76.3,300,11.7,26
10/11/2017,29.65,86,75.7,200,7.8,26
10/11/2017,29.71,85.6,79,180,15.6,26
10/11/2017,29.68,85.3,75.9,100,3.9,26
12/11/2017,29.67,84.6,76.3,160,3.9,25
1/12/2017,29.73,84.7,76.5,270,7.8,25
1/12/2017,29.73,84.7,77.4,220,7.8,25
3/12/2017, , , ,290,19.4,26
3/12/2017, , , ,280,25.3,26
3/12/2017, , , ,290,13.6,26
3/12/2017, , , ,190,7.8,26
3/12/2017, , , ,190,17.5,26
3/12/2017, , , ,230,11.7,26
3/12/2017, , , ,250,13.6,26
3/12/2017, , , ,240,23.3,26
4/12/2017, , , ,270,19.4,26
4/12/2017, , , ,150,5.8,26
4/12/2017, , , ,280,7.8,26
4/12/2017, , , ,270,5.8,26
4/12/2017, , , ,30,3.9,26
4/12/2017, , , ,160,7.8,26
4/12/2017, , , ,200,7.8,26
4/12/2017, , , ,200,21.4,26
4/12/2017, , , ,170,7.8,26
4/12/2017, , , ,240,9.7,26
4/12/2017, , , ,220,11.7,26
6/12/2017, , , ,220,5.8,26
6/12/2017, , , ,160,1.9,26
6/12/2017,29.43,84,79.3,280,11.7,26
6/12/2017, ,83.7,78.4,270,13.6,26
6/12/2017, ,83.8,78.3,300,15.6,26
7/12/2017,29.74,84.7,79.2,300,15.6,26
7/12/2017, ,82.9,76.6,100,19.4,26
7/12/2017, ,82.8,76.8,100,19.4,26
7/12/2017, ,82.8,76.5,90,21.4,26
7/12/2017, ,84.2,75.9,290,21.4,26
7/12/2017,29.84,83.7,75.9, , ,26
8/12/2017, ,84,74.7, , ,26
8/12/2017, ,84.7,75.4, , ,26
8/12/2017,29.7,83.7,75.9,220,11.7,26
8/12/2017,29.7,82.9,76.6,210,13.6,26
8/12/2017,29.72,83.1,76.8,270,17.5,26
8/12/2017,29.71,82,75, , ,26
8/12/2017,29.69,84,76.6, , ,26
8/12/2017,29.72,84.4,78.4, , ,26
8/12/2017,29.91,86.9,77.9,270,23.3,26
8/12/2017,29.93,84.6,78.3,270,21.4,26
8/12/2017,29.99,84.7,77.7,260,21.4,26
8/12/2017,29.98,82.9,78.6,270,23.3,26
9/12/2017,29.77,81.7,75, , ,26
9/12/2017,29.89,82.2,73.2, , ,26
9/12/2017, ,82,76.8,80,29.2,26
9/12/2017, ,82.4,78.8, , ,26
9/12/2017,29.53,82.2,77,90,27.2,26
9/12/2017,29.88,80.6,76.1,210,9.7,26
9/12/2017, ,80.6,75.4, , ,26
9/12/2017, ,82.2,75.9, , ,26
10/12/2017, ,82.6,76.6, , ,26
10/12/2017,29.79,82,75,110,7.8,26
10/12/2017,29.9,81.7,75.4,110,7.8,26
10/12/2017,29.88,80.6,73.9,130,11.7,26
10/12/2017, ,81.5,69.8,120,13.6,26
10/12/2017, ,81.3,69.1,110,17.5,26
10/12/2017, ,81.1,71.1,120,21.4,26
10/12/2017,29.96,80.4,73.4,50,11.7,26
12/12/2017,29.96,79.2,71.8,40,11.7,26
12/12/2017,29.92,78.8,73.2,50,7.8,26
12/12/2017,29.92,76.5,72.3,20,13.6,26
12/12/2017,29.87,75.2,73.4,140,3.9,26
12/12/2017,29.82,81.1,74.8,130,17.5,26
12/12/2017, ,79.9,69.8,90,13.6,26
1/13/2017, ,79.2,70.3,80,19.4,25
1/13/2017, ,78.6,70.9,90,13.6,25
1/13/2017, ,79.3,69.3,80,17.5,25
1/17/2017, ,79.7,69.3,90,17.5,24
1/17/2017, ,79.3,68.5,110,17.5,24
1/17/2017,29.73,87.4,78.4,180,9.7,24
1/17/2017,29.79,86.2,78.3,190,7.8,24
1/17/2017,29.79,85.5,80.1,140,7.8,24
1/17/2017,29.76,85.5,79.5,60,3.9,24
1/17/2017,29.8,83.8,76.5,60,25.3,24
1/17/2017,29.85,82.9,76.6,50,19.4,24
1/18/2017,29.83,83.1,77.2,40,19.4,24
1/19/2016,29.8,82.9,77.7,40,25.3,26
1/19/2016,29.81,85.8,78.3,270,17.5,26
1/19/2016,29.8,85.5,79.9,280,11.7,26
1/20/2016,29.8,85.1,80.1,270,7.8,26
1/21/2016,29.83,86.5,80.8,330,3.9,27
1/23/2016,29.81,83.5,71.2,90,23.3,26
1/24/2016,29.88,83.5,74.1,70,21.4,27
1/24/2016,29.85,83.3,75.6,70,25.3,27
1/24/2016,29.81,82.9,77.4,20,25.3,27
1/24/2017,29.84,80.8,76.3,330,17.5,27
1/24/2017,29.91,82.2,77,100,5.8,27
1/25/2017,29.88,82.9,75.6,60,7.8,26
1/28/2017,29.81,84.2,76.5,40,7.8,26
1/28/2017,29.84,84,77.7,10,3.9,26
1/28/2017,29.9,83.5,78.6,350,7.8,26
1/28/2017,29.91,83.1,77.2,230,19.4,26
10/13/2016,29.93,82.8,76.5,220,19.4,30
10/13/2016,30,83.7,75.9,200,15.6,30
10/13/2016,29.93,86.5,76.6,320,5.8,30
10/13/2016,29.95,83.3,77,340,3.9,30
10/13/2016,30,83.1,76.1,310,3.9,30
10/13/2016,29.98,82.9,73.6,320,3.9,30
10/13/2016,29.93,82,71.6,240,9.7,30
10/13/2016,29.91,83.7,77,210,25.3,30
10/13/2017,29.86,81.5,77.4,200,21.4,27
10/13/2017,29.88,80.4,77.9,200,25.3,27
10/13/2017,29.93,84,77.4,190,19.4,27
10/13/2017,29.92,83.7,78.1,300,3.9,27
10/13/2017,29.87,83.3,77,270,5.8,27
10/14/2016,29.89,83.3,77.4,290,3.9,30
10/14/2016,29.88,84,77.4,160,3.9,30
10/14/2016,29.87,84.7,76.5,150,5.8,30
10/14/2016,29.82,83.8,79.9,140,7.8,30
10/14/2016,29.82,84.4,75.4,90,21.4,30
10/14/2016,29.91,83.1,77.2,40,13.6,30
10/14/2016,29.87,84.4,77.4,150,19.4,30
10/14/2016,29.81,90,74.5,20,3.9,30
10/15/2016,29.82,85.5,75.6,330,3.9,30
10/15/2016,29.92,83.1,75.4,200,7.8,30
10/15/2016,29.94,82.6,75.6,190,11.7,30
10/15/2016,30.01,84,76.6,210,11.7,30
10/16/2015,29.98,84.4,77.4,10,13.6,28
10/17/2015,29.9,85.5,77.2,350,9.7,28
10/17/2015,29.92,83.1,75.4,310,7.8,28
10/17/2015,29.98,83.3,75.2,320,5.8,28
10/17/2015,29.97,83.5,67.5, , ,28
10/17/2015,30.03,83.3,65.7,200,25.3,28
10/17/2015,30.02,82.8,65.1,140,9.7,28
10/17/2015,29.97,82.2,66.2,250,5.8,26
10/17/2017,29.99,77.5,68.7,110,21.4,26
10/17/2017,30.02,83.1,76.1,350,23.3,26
10/17/2017,30.01,82.2,76.6,350,25.3,26
10/18/2015,29.97,80.6,76.5,360,11.7,29
10/18/2015,30.01,78.4,76.3,330,9.7,29
10/18/2015,30.06,82.9,76.6,350,9.7,29
10/18/2016,29.97,83.1,77.2,320,9.7,29
10/19/2015,30.03,83.3,76.6,340,9.7,29
10/19/2015,30.03,82.8,76.5,20,13.6,29
10/19/2015,29.97,82.4,76.8,20,15.6,29
10/19/2015,29.93,84,75.7,330,17.5,29
10/19/2015,30,84.4,77,361,9.7,29
10/19/2015,30.01,83.3,77.7,360,11.7,29
10/19/2015,29.94,82.2,74.5,320,19.4,29
10/19/2015,30.01,83.5,74.1,350,13.6,29
10/20/2017,29.98,84.7,75,340,13.6,30
10/20/2017,29.88,82.4,71.8,310,19.4,30
10/21/2015,29.89,82.4,71.8,340,15.6,29
10/21/2015,29.98,82.4,73.9,350,13.6,29
10/21/2015,29.96,82,72.7,320,17.5,29
10/21/2015,29.93,82.4,70.5, , ,29
10/21/2015,29.99,82.8,72.1,330,15.6,29
10/22/2015,29.95,80.8,73.8, , ,28
10/22/2015,29.85,81.3,75, , ,28
10/23/2017,29.83,79,76.1, , ,30
10/23/2017, ,77.7, ,10,19.4,30
10/23/2017,29.9,84.2,76.8,30,15.6,30
10/23/2017,29.83,82.9,75.2,350,23.3,30
10/24/2015,29.87,82.2,75.9,20,17.5,27
10/28/2016,29.96,81.7,75,70,13.6,28
10/28/2016,29.97,80.8,73.4,80,11.7,28
10/28/2016,29.93,80.6,73.9,100,11.7,28
10/28/2016,29.96,81.5,73,80,7.8,28
10/29/2016,30.03,82.4,73.9,40,9.7,29
10/29/2016,30.01,82.4,74.3,50,9.7,29
10/29/2016,29.98,82.4,75,361,11.7,29
10/29/2016,30.04,82.4,75.4,350,13.6,29
10/29/2016,30.04,82.2,75.2,361,13.6,29
10/29/2016,30.06,80.4,70,310,7.8,29
10/30/2016,30.02,79.7,69.6,280,5.8,29
10/30/2016,30.05,79.3,69.8,240,5.8,29
10/31/2015,30.08,80.8,63.9,210,5.8,28
10/31/2016,30.06,80.8,65.8,320,9.7,28
10/31/2016,29.97,81.3,63.9,290,13.6,28
10/31/2016,29.98,80.1,64.2,340,11.7,28
10/31/2016,30.04,79.2,66.6,361,9.7,28
10/31/2016,30.04,79,65.5,360,1.9,28
10/31/2016,29.98,78.4,65.1,20,9.7,28
10/31/2016,29.98,77.7,65.3,20,13.6,28
10/31/2016,30.04,80.4,63.5,340,7.8,28
10/31/2016,30.01,82.2,64,340,13.6,28
10/31/2016,29.93,84.4,66.2,361,9.7,28
10/31/2016,29.96,80.2,64.8,10,9.7,28
10/31/2016,30,79,64.2,361,5.8,28
10/31/2016,29.95,79,62.1,330,3.9,28
10/31/2016,29.97,78.8,61.5,260,7.8,28
10/31/2016,30.03,80.2,62.8,340,13.6,28
11/13/2016,30.03,79.9,64.6,300,9.7,28
11/13/2016,29.96,80.1,65.7,290,11.7,28
11/14/2016,29.97,79.5,65.7,300,9.7,28
11/14/2016,30.03,79,67.3,300,7.8,28
11/14/2016,30.03,78.8,68,310,11.7,28
11/14/2016,29.98,79.7,73.4,360,9.7,28
11/15/2017,29.98,80.2,74.7,360,9.7,28
11/16/2016,30.03,83.3,76.3,340,9.7,27
11/16/2016,30.01,78.6,68.2,361,9.7,27
11/16/2016,30.08,82.4,69.3,360,3.9,27
11/16/2017,30.06,81.1,69.8,330,11.7,27
11/16/2017,29.97,81,71.2,320,9.7,27
11/18/2016,29.98,83.3,74.7,360,9.7,27
11/18/2016,30.05,82,72.7,360,11.7,27
11/18/2016,30.04,81.7,74.7,360,9.7,27
11/19/2016,29.98,81.3,73.9,320,15.6,26
11/19/2016,29.99,81,72.9,330,15.6,26
11/19/2016,30.07,81.5,73,330,15.6,26
11/20/2016,30.05,82,73.9,320,13.6,26
11/20/2017,29.99,81.7,73.6,320,13.6,28
11/20/2017,30.08,82.2,72.1,10,15.6,28
11/20/2017,30.06,81.3,72.5,361,11.7,28
11/20/2017,30.01,80.1,71.2,361,13.6,28
11/28/2017,30.02,79.5,70.7,360,7.8,28
11/28/2017,30.07,82,71.6,340,11.7,28
11/28/2017,29.96,80.8,70,310,15.6,28
11/30/2016,29.98,80.4,69.6,320,13.6,25
11/30/2016,30.04,80.2,68.5,320,9.7,25
11/30/2016,30.04,82.6,73.6,360,11.7,25
11/30/2016,29.97,82,72,360,9.7,25
12/13/2017,29.99,81.5,71.8,360,7.8,26
12/13/2017,30.05,85.6,73.2,350,7.8,26
12/13/2017,30.03,86,72.7,360,7.8,26
12/13/2017,29.95,79.2,63.9,30,15.6,26
12/13/2017,29.96,78.8,64,30,11.7,26
12/13/2017,30.02,84.9,69.3,361,9.7,26
12/14/2017,30,85.1,70.3,10,11.7,26
12/14/2017,29.91,85.5,68.7,361,9.7,26
12/14/2017,29.97,79.5,61.5,330,11.7,26
12/14/2017,29.91,77.7,63,360,9.7,26
12/14/2017,29.92,77.4,63.1,360,9.7,26
12/14/2017,30.01,79,63.1,60,3.9,26
12/14/2017,29.93,90.9,71.6,350,5.8,26
12/15/2017,29.92,80.2,66.2,330,5.8,26
12/15/2017,29.98,79,65.1,30,7.8,26
12/15/2017,29.97,78.4,67.3,30,7.8,26
12/15/2017,29.93,77.7,66.6,40,5.8,26
12/15/2017,29.94,77.4,67.1,40,7.8,26
12/15/2017,30.02,80.2,67.3,20,3.9,26
12/16/2016,30.01,87.8,75.4,60,1.9,26
12/16/2016,29.93,82.9,69.3,40,5.8,26
12/16/2016,29.99,80.4,70.7,350,15.6,26
12/16/2016,29.96,79.7,70.5,340,13.6,26
12/16/2017,29.96,79.9,68.5,30,13.6,27
12/16/2017,30,82.8,69.1,10,15.6,27
12/16/2017,29.93,86.2,76.8,160,1.9,27
12/16/2017,30,88.5,77.4,200,7.8,27
12/16/2017,29.98,86,77.4,120,15.6,27
12/16/2017,29.9,91.6,82.4, , ,27
12/16/2017,29.96,87.3,76.1, , ,27
12/16/2017,29.98,84.9,74.7, , ,27
12/16/2017,29.92,84.2,75.9, , ,27
12/17/2016,29.95,84.2,75.6, , ,25
12/17/2016,30.04,91.9,79.3, , ,25
12/17/2016,30.01,94.3,84.6, , ,25
12/17/2016,29.93,93.2,82.2, , ,25
12/17/2017,29.92, , , , ,26
12/17/2017,29.98,90.9,86.5, , ,26
12/17/2017,29.89, , , , ,26
12/17/2017,29.89,93.9,87.3, , ,26
12/17/2017,29.96,88.5,80.2, , ,26
12/17/2017,29.97,88.3,81.5, , ,26
12/17/2017,29.93,87.6,81.5, , ,26
12/17/2017,29.96,87.1,80.6, , ,26
12/18/2016,30.02, , , , ,25
12/18/2016,29.99, , , , ,25
12/18/2016,29.89, , , , ,25
12/18/2017,29.89, , , , ,26
12/18/2017,29.95,87.6,80.4, , ,26
12/18/2017,29.97,86.2,80.1, , ,26
12/18/2017,29.92,85.5,79.2, , ,26
12/18/2017,29.94,85.6,79, , ,26
12/19/2016,30.01,88.2,81.3, , ,25
12/19/2016,29.99,92.1,81.7, , ,25
12/19/2017,29.89,90.9,82.4, , ,24
12/19/2017,29.86,94.5,89.1, , ,24
12/19/2017,29.91,87.8,82.4, , ,24
12/20/2017,29.91,87.1,82, , ,25
12/20/2017,29.92,89.2,82.8, , ,25
12/20/2017,29.87,88.3,81.1, , ,25
12/20/2017,29.89,86.7,79.9, , ,25
12/20/2017,29.96,88.7,81.9, , ,25
12/20/2017,29.94,89.2,82.8, , ,25
12/20/2017,29.88,94.5,85.6, , ,25
12/21/2017,29.88,88.7,81.1, , ,24
12/21/2017,29.93,87.1,80.2, , ,24
12/21/2017,29.93,86.4,79.5, , ,24
12/21/2017,29.89,86.2,80.1, , ,24
12/21/2017,29.96,87.1,79.9, , ,24
12/21/2017,29.93,87.8,81.3, , ,24
12/21/2017,29.84,87.8,81.3, , ,24
12/21/2017,29.81,87.1,81.7, , ,24
12/21/2017,29.88,86.7,81, , ,24
12/21/2017,29.87,86.5,82.2, , ,24
12/22/2016,29.83,86.7,81, , ,25
12/22/2016,29.87,86.5,81.5, , ,25
12/22/2016,29.85,86.2,80.1, , ,25
12/22/2016,29.92,86.9,80.1, , ,25
12/22/2016,29.81,88.5,82, , ,25
12/22/2016,29.8,87.4,81, , ,25
12/22/2016,29.87,86.2,81.1, , ,25
12/22/2017,29.82,85.6,80.2, , ,25
12/22/2017,29.84,85.1,79.5, , ,25
12/22/2017,29.9,89.6,83.5, , ,25
12/22/2017,29.89,87.1,79.5, , ,25
12/22/2017,29.82,87.6,79.3, , ,25
12/22/2017,29.8,85.3,81.3, , ,25
12/22/2017,29.82,85.8,81.1, , ,25
12/22/2017,29.89,87.3,80.1, , ,25
12/22/2017,29.88,88,81.1, , ,25
12/22/2017,29.79,88.7,81.5, , ,25
12/22/2017,29.77,91.4,85.6, , ,25
12/22/2017,29.84,87.1,81.3, , ,25
12/23/2016,29.85,87.3,81.1, , ,24
12/23/2016,29.81,86.5,81.5, , ,24
12/23/2016,29.81,86,82, , ,24
12/23/2016,29.81,87.1,82.4, , ,24
12/23/2016,29.84,87.3,81.1, , ,24
12/23/2017,29.91,95.7,89.1, , ,26
12/23/2017,29.82,95.5,88.2, , ,26
12/23/2017,29.79,91.8,83.3, , ,26
12/23/2017,29.87,90,81.5, , ,26
12/23/2017,29.89,89.2,82.8, , ,26
12/23/2017,29.84,87.3,80.4, , ,26
12/23/2017,29.85,86.7,79.9, , ,26
12/23/2017,29.91, ,89.6, , ,26
12/23/2017,29.92,96.4,88.7, , ,26
12/23/2017,29.9,87.1,78.4, , ,26
12/24/2016,29.88,88.5,79.9, , ,25
12/24/2016,29.8,89.1,80.8, , ,24
12/24/2016,29.79,89.1,80.2, , ,24
12/24/2016,29.84,88.9,79, , ,24
12/24/2016,29.86,88.2,78.6, , ,24
12/24/2016,29.82,86.4,78.4, , ,24
12/24/2016,29.8,86,79.5, , ,24
12/24/2017,29.84, , , , ,25
12/24/2017,29.73,86.7,81.3, , ,25
12/25/2016,29.78,88,83.3, , ,24
12/25/2016,29.81,92.7,86.2, , ,24
12/25/2016,29.72,91.9,83.1, , ,24
12/25/2016,29.7,90.1,84.4, , ,24
12/25/2016,29.77,91.4,88, , ,24
12/25/2016,29.8,90.7,87.4, , ,24
12/25/2016,29.78,89.4,85.1, , ,24
12/25/2017,29.79,88.7,82.9, , ,24
12/25/2017,29.83,90.5,84.7, , ,24
12/25/2017,29.81,92.7,87.6, , ,24
12/25/2017,29.79,88.5,83.1, , ,24
12/26/2016,29.85,89.2,84.6, , ,24
12/26/2017,29.84,90.1,85.8, , ,24
12/26/2017,29.75,90.3,84.6, , ,24
12/26/2017,29.74,90,85.6, , ,24
12/26/2017,29.83,89.8,83.7, , ,24
12/26/2017,29.85,89.4,84, , ,24
12/26/2017,29.78,88.2,83.1, , ,24
12/26/2017,29.84,88,83.7, , ,24
12/26/2017,29.86,88.9,84.9, , ,24
12/26/2017,29.8,87.4,81.7, , ,24
12/26/2017,29.83,87.8,81.7, , ,24
12/26/2017,29.79,87.1,81.7, , ,24
12/27/2016,29.81,87.3,81.5, , ,26
12/27/2016,29.89,87.8,81.7, , ,26
12/27/2017,29.86,88.5,82.4, , ,24
12/27/2017,29.77,91.9,85.5, , ,24
12/27/2017,29.73,89.1,84, , ,24
12/27/2017,29.82,87.3,83.7, , ,24
12/27/2017,29.75,86.9,84, , ,24
12/27/2017,29.72,87.4,84.2, , ,24
12/27/2017,29.8,87.1,84.7, , ,24
12/28/2017,29.83,87.3,83.7, , ,24
12/28/2017,29.77,86.7,83.1, , ,24
12/28/2017,29.79,87.1,85.5, , ,24
12/28/2017,29.83,86.2,83.3, , ,24
12/28/2017,29.76,88.5,85.8, , ,24
12/28/2017,29.74,87.8,85.1, , ,24
12/29/2017,29.81,87.6,85.6, , ,25
12/29/2017,29.85,87.6,85.6, , ,25
12/29/2017,29.81,88,83.7, , ,25
12/31/2016,29.81,87.6,81.9, , ,24
12/31/2016,29.89,89.1,84, , ,24
12/31/2016,29.87,89.6,84.2, , ,24
12/31/2016,29.79,91.2,84.7, , ,24
12/31/2016,29.78,87.4,83.8, , ,24
12/31/2016,29.84,86.7,85.1, , ,24
12/31/2016,29.78,87.1,84.4, , ,24
12/31/2016,29.84,87.4,85.1, , ,24
2/13/2016,29.86,86.9,84.9, , ,26
2/13/2016,29.8,87.3,83.7, , ,26
2/14/2016,29.85,87.3,82.9, , ,26
2/14/2016,29.91,88.2,82.8, , ,26
2/14/2016,29.88,88.5,82.8, , ,26
2/14/2016,29.81,90.9,83.7, , ,26
2/14/2016,29.79,89.8,84, , ,28
2/14/2017,29.9,87.1,82.8, , ,28
2/14/2017,29.87,87.6,82.2, , ,28
2/15/2017,29.8,90,83.8, , ,26
2/15/2017,29.77,88.7,84.7, , ,26
2/17/2017,29.83,88.3,84.4, , ,25
2/17/2017,29.86,88.3,84.4, , ,25
2/17/2017,29.84,88.2,84.6, , ,25
2/17/2017,29.86,86.9,80.8, , ,25
2/17/2017,29.92,88.5,82.4, , ,25
2/17/2017,29.91,90.1,83.7, , ,25
2/17/2017,29.84,91.8,82.9, , ,25
2/17/2017,29.8,90.1,84.7, , ,25
2/17/2017,29.88,88.3,84.4, , ,25
2/18/2016,29.79,91.4,86.4, , ,28
2/18/2016,29.8,92.3,87.6, , ,28
2/18/2016,29.85,90.1,85.8, , ,28
2/18/2016,29.88,88.5,83.8, , ,28
2/19/2016,29.85,86.5,82.9, , ,27
2/19/2016,29.87,85.6,81.3, , ,27
2/20/2016,29.81,88.9,81.7, , ,28
2/21/2016,29.89,89.2,83.8, , ,28
2/21/2016,29.96,88.9,81.7, , ,28
2/22/2016,29.9,88,80.8, , ,28
2/22/2016,29.97,89.2,81.7, , ,28
2/22/2016,29.96,89.2,81.7, , ,28
2/23/2016,29.9,89.4,81.1, , ,26
2/23/2016,29.9,86.5,79.3, , ,26
2/23/2016,29.92,86.7,80.2, , ,26
2/24/2016,29.97,88,80.1, , ,26
2/24/2016,29.96,88.5,80.2, , ,26
2/24/2016,29.88,91.6,82.8, , ,26
2/26/2017,29.9,91.8,86, , ,25
2/26/2017,29.91,91.8,85.6, , ,25
2/26/2017,29.87,87.6,84, , ,25
2/26/2017,29.94,89.4,84.7, , ,25
2/26/2017,29.9,89.4,84.7, , ,25
2/26/2017,29.92,89.1,83.7, , ,25
2/27/2017,29.9,91.4,88.3, , ,26
2/27/2017,29.88,90.3,83.1, , ,26
2/27/2017,29.82,90.5,84, , ,26
2/27/2017,29.78,91.4,85.6,290,5.8,26
2/27/2017,29.81,90.7,87.6, , ,26
2/27/2017,29.84,93.9,89.6, , ,26
2/27/2017,29.79,92.5,87.4, , ,26
2/27/2017,29.72,85.1,80.1,310,25.3,26
2/28/2017,29.78,82.4,80.8,320,21.4,26
2/28/2017,29.72,85.6,80.2,320,15.6,26
2/28/2017,29.73,85.1,79.5,330,19.4,26
2/28/2017,29.75,85.6,75.4, , ,26
2/28/2017,29.72,85.6,75.7, , ,26
2/28/2017,29.72,84.2,77.9, , ,26
2/28/2017,29.76,85.8,76.8, , ,26
2/28/2017,29.77,86.5,77.9, , ,26
3/13/2017,29.75,83.7,73.6, , ,30
3/13/2017,29.75,83.1,73,40,5.8,30
3/13/2017,29.78,82.2,75.6,210,21.4,30
3/13/2017,29.74,84,75,250,7.8,30
3/13/2017,29.72,84.9,75.2,300,5.8,30
3/13/2017,29.74,85.8,75.6,190,3.9,30
3/15/2017,29.93,81.1,74.1, , ,29
3/16/2017,29.95,80.2,73.2, , ,28
3/16/2017,30.01,79.9,73.2, , ,28
3/16/2017,29.95,79.2,68,40,15.6,28
3/16/2017,29.94,79.2,68.4,30,15.6,28
3/16/2017,29.8,93.2,81.5,180,15.9,28
3/16/2017,29.85,89.6,82.6,270,6,28
3/16/2017,29.88,86,79,320,15.9,28
3/17/2017,29.84,84.2,77,200,11.1,29
3/17/2017,29.97,82.4,78.8,30,20,29
3/17/2017,29.96,80.6,78.8,80,15.9,29
3/17/2017,30.02,82.4,78.8,150,18.1,29
3/17/2017,29.7,87.4,77.2,170,13.6,29
3/17/2017,29.72,87.4,77.9,180,11.7,29
3/17/2017,29.66,86.7,77.7,210,11.7,29
3/17/2017,29.74,83.7,77.4,210,15.6,29
3/19/2017,29.76,79.5,73.6,50,3.9,30
3/19/2017,29.64,85.5,79.9,210,19.4,30
3/19/2017,29.66,85.5,79.2,240,9.7,30
3/20/2017,29.58,83.3,76.3,230,11.7,30
3/20/2017,29.57,84,75,190,11.7,30
3/23/2017,29.64,85.1,75.2,220,17.5,28
3/23/2017,29.65,84.6,77.2,190,17.5,28
3/23/2017,29.59,87.6,77.4,180,7.8,28
3/26/2017,29.57,86.4,78.4,200,17.5,28
3/26/2017,29.62,87.1,79.5,160,23.3,28
3/26/2017,29.64,86.9,80.8,170,23.3,28
3/26/2017,29.59,86.7,80.2,170,3.9,28
3/27/2016,29.59,85.5,79.5,210,21.4,28
3/27/2016,29.64,86,77.7,220,25.3,28
3/27/2017,29.64,85.8,78.3,230,25.3,28
3/27/2017,29.58,86.7,78.8,220,27.2,28
3/27/2017,29.57,87.1,79.9,210,25.3,28
3/27/2017,29.62,87.1,81,220,23.3,28
3/27/2017,29.62,87.1,81,220,23.3,28
3/28/2016,29.6,86.7,80.6,180,7.8,29
3/28/2016,29.59,86.5,80.4,200,23.3,29
3/28/2016,29.64,87.3,80.1,230,23.3,29
3/28/2016,29.66,87.4,80.6,230,23.3,29
3/29/2017,29.62,87.4,79.5,240,23.3,28
3/29/2017,29.61,87.6,79,240,23.3,28
3/29/2017,29.65,87.3,79,220,23.3,28
3/29/2017,29.63,86,79.2,200,27.2,28
3/29/2017,29.63,86.4,79.9,200,29.2,28
3/29/2017,29.67,86.9,80.1,210,27.2,28
3/30/2017,29.64,86.9,80.4,210,27.2,29
3/30/2017,29.59,87.1,80.2,200,23.3,29
3/30/2017,29.56,86.9,80.8,220,23.3,29
3/30/2017,29.62,86.9,81.1,220,23.3,29
3/30/2017,29.63,86.9,80.8,220,23.3,29
3/30/2017,29.58,86.4,80.2,200,27.2,29
3/30/2017,29.61,86.2,80.1,230,25.3,29
3/30/2017,29.66,86.9,80.4,230,25.3,29
3/30/2017,29.63,86.9,79.7,220,27.2,29
3/31/2017,29.59,86.9,79.7,210,23.3,30
3/31/2017,29.6,87.1,80.6,230,19.4,30
3/31/2017,29.65,87.1,80.6,210,29.2,30
4/13/2017,29.63,86.7,79.9,210,29.2,30
4/13/2017,29.58,86.2,80.8,210,29.2,30
4/13/2017,29.6,86,81,210,29.2,30
4/14/2017,29.67,86.2,80.4,210,29.2,28
4/14/2017,29.64,85.6,79.3,210,23.3,28
4/14/2017,29.59,86.2,79.7,200,21.4,28
4/14/2017,29.55,86.7,80.2,180,23.3,28
4/14/2017, ,84.4,80.8,190,23.3,28
4/14/2017,29.57,86,79.9,160,15.6,28
4/14/2017,29.61,85.8,81.9,200,23.3,28
4/15/2017,29.62,86,81.3,210,27.2,30
4/15/2017,29.57,85.6,81.3,220,29.2,30
4/16/2017,29.57,86.4,81,220,31.1,34
4/16/2017,29.7,86.5,79.7,200,15.6,34
4/16/2017,29.69,86.9,81.1,190,19.4,34
4/16/2017,29.6,86.7,80.6,220,21.4,34
4/16/2017,29.57,86.5,81.1,230,23.3,34
4/16/2017,29.64,86.7,81,230,19.4,34
4/16/2017,29.59,86.5,80.1,220,25.3,34
4/16/2017,29.61,86.2,79.7,220,25.3,34
4/17/2017,29.64,86.4,79.2,200,15.6,34
4/17/2017,29.59,86.2,79.3,160,15.6,34
4/17/2017,29.67,86.2,80.1,190,17.5,34
4/18/2017,29.68,86,80.2,190,17.5,32
4/18/2017,29.62,85.5,78.8,190,19.4,32
4/18/2017,29.64,84.7,79.7,200,19.4,32
4/18/2017,29.81,81.5,76.3,40,19.4,32
4/18/2017,29.75,82,75.4,40,21.4,32
4/18/2017,29.78,82,74.7,30,15.6,32
4/18/2017,29.83,77.7,74.5,50,19.4,32
4/18/2017,29.85,78.6,75.4,40,19.4,32
4/18/2017,29.82,82.2,74.1,50,19.4,32
4/18/2017,29.8,82.2,74.5,40,19.4,32
4/19/2017,29.93,81.3,70.3,10,15.6,32
4/19/2017,29.87,80.8,71.6,80,11.7,32
4/19/2017,29.89,79.9,72.5,10,15.6,32
4/19/2017,29.97,80.6,70.2,50,11.7,32
4/19/2017,29.9,80.4,69.6,20,13.6,32
4/19/2017,29.89,80.1,68,40,9.7,32
4/19/2017,29.93,81.9,70.5,50,7.8,32
4/19/2017,29.84,82.8,70.5,50,7.8,32
4/19/2017,29.85,81,71.2,50,9.7,32
4/20/2017,29.92,80.4,70.7,50,9.7,32
4/20/2017,29.91,79.9,69.4,80,7.8,32
4/20/2017,29.86,79.7,70.9,90,9.7,32
4/20/2017,29.86,79,69.4,90,5.8,32
4/20/2017,29.92,81.9,69.3,80,3.9,32
4/20/2017,29.93,80.8,70.3,90,7.8,32
4/21/2017,29.87,79.7,68.4,120,9.7,32
4/21/2017,29.88,79.3,68.5,100,9.7,32
4/21/2017,29.95,80.2,68.5,60,11.7,32
4/21/2017,29.97,81,69.6,80,9.7,32
4/21/2017,29.89,81.3,68.2,110,11.7,32
4/21/2017,29.89,81,70.5,130,9.7,32
4/22/2017,29.92,82.9,73.9,40,9.7,32
4/22/2017,29.97,81.1,73.4,50,7.8,32
4/22/2017,29.99,81.1,73.4,50,7.8,32
4/22/2017,29.95,80.8,73,60,7.8,32
4/22/2017,29.95,80.6,73.2,60,7.8,32
4/22/2017,30.01,82.6,73.2,40,9.7,32
4/22/2017,29.95,82.2,70.9,140,17.5,32
4/22/2017,29.97,81.5,70.2,150,15.6,32
4/23/2017,29.91,80.8,71.1,150,13.6,33
4/24/2017,29.89,80.4,70.3,160,13.6,33
4/24/2017,29.98,82,69.4,160,11.7,33
4/24/2017,29.99,82.6,69.4,150,9.7,33
4/24/2017,29.93,83.5,72.1,130,9.7,33
4/24/2017,29.89,82.6,72.9,140,9.7,33
4/24/2017,29.9,82.6,74.1,140,7.8,33
4/24/2017,29.97,84.4,72,200,5.8,33
4/24/2017,29.98,85.3,72.5,160,5.8,33
4/24/2017,29.88,85.8,73.4,90,11.7,33
4/24/2017,29.86,85.5,77.2,170,15.6,33
4/25/2017,29.88,84.7,76.5,180,15.6,32
4/25/2017,29.84,84.4,76.1,180,13.6,32
4/25/2017,29.87,84,74.7,170,11.7,32
4/25/2017,29.93,85.6,75.7,200,11.7,32
4/25/2017,29.93,87.1,75.6,180,1.9,32
4/25/2017,29.86,89.6,75.2,150,1.9,32
4/25/2017,29.84,86.2,73.8,200,9.7,32
4/25/2017,29.71,88.3,77.5,180,13.6,32
4/25/2017,29.78,87.6,79.3,160,15.6,32
4/25/2017,29.79,87.3,79.7,160,15.6,32
4/25/2017,29.75,87.1,79.9,150,17.5,32
4/25/2017,29.77,86.9,79,170,19.4,32
4/25/2017,29.79,88,80.1,180,15.6,32
4/26/2017,29.77,87.4,79.2,160,9.7,32
4/26/2017,29.8,87.4,79.2,150,7.8,32
4/26/2017,29.85,88,79.3,150,7.8,32
4/26/2017,29.84,89.1,79.5,160,7.8,32
4/26/2017,29.77,89.2,78.4,130,7.8,32
4/26/2017,29.72,82.9,72.9,300,11.7,32
4/26/2017,29.73,83.8,74.1,210,5.8,32
4/26/2017,29.68,84.9,74.3,230,15.6,32
4/26/2017,29.68,83.8,70.2,240,15.6,32
4/26/2017,29.72,83.8,68.7,240,15.6,32
4/26/2017,29.73,84,75.7,240,13.6,32
4/27/2017,29.74,85.3,70.2,270,17.5,32
4/27/2017,29.78,85.3,68.5,270,15.6,32
4/27/2017,29.75,87.1,71.2,250,7.8,32
4/27/2017,29.67,91, ,250,11.7,32
4/27/2017,29.71,87.3,72.5,100,5.8,32
4/27/2017,29.7,85.8,73.9,150,13.6,32
4/27/2017,29.77,85.3,75.9,150,7.8,32
4/27/2017,29.78,84.7,77.4,210,19.4,32
4/27/2017,29.75,84.7,77.7,230,19.4,32
4/27/2017,29.75,84.4,76.1,230,15.6,32
4/27/2017,29.8,84.6,75.9,240,13.6,32
4/28/2017,29.77,85.8,73.4,280,5.8,32
4/28/2017,29.71,86.2,74.7,160,11.7,32
4/28/2017,29.77,84.7,76.5,180,15.6,32
4/28/2017,29.75,84.7,78.4,210,11.7,32
4/28/2017,29.76,83.5,76.8,250,11.7,32
4/28/2017,29.8,85.3,70.5,270,17.5,32
4/28/2017,29.79,85.5,71.8,260,9.7,32
4/28/2017,29.72,90, ,100,1.9,32
4/28/2017,29.71,86.4,74.8,160,13.6,32
4/28/2017,29.77,85.5,74.8,140,11.7,32
4/28/2017,29.78,84.2,75.6,180,13.6,32
4/28/2017,29.77,83.3,75.9,220,17.5,32
4/28/2017,29.78,83.3,73.9,200,19.4,32
4/28/2017,29.82,83.7,73.9,240,11.7,32
4/28/2017,29.74,86.9,74.8,160,7.8,32
4/29/2017,29.73,86.2,75,160,11.7,32
4/29/2017,29.79,84.7,77.4,180,13.6,32
4/29/2017,29.8,84.7,76.8,200,11.7,32
4/29/2017,29.76,84.2,75.6,210,15.6,32
4/29/2017,29.83,84.7,75.7,230,11.7,32
4/29/2017,29.8,85.5,75.6,260,7.8,32
4/29/2017,29.73,90.5,76.5,170,1.9,32
4/29/2017,29.72,85.6,76.6,140,11.7,32
4/29/2017,29.77,84.2,77,170,11.1,32
4/29/2017,29.78,84.9,76.6,170,9.7,32
4/30/2017,29.78,84.9,77.9,190,11.7,32
4/30/2017,29.73,84.4,78.4,250,15.6,32
4/30/2017,29.74,82.2,74.5,250,11.7,32
4/30/2017,29.78,83.7,74.3,230,13.6,32
4/30/2017,29.76,84.6,74.8,210,11.7,32
4/30/2017,29.7,85.5,75.6,190,9.7,32
5/13/2015,29.7,85.5,76.8,160,9.7,28
5/13/2015, , , , , ,28
5/16/2015,29.74,84.9,77.9,200,17.5,28
5/17/2015,29.68,81.5,73,210,25.3,29
5/17/2015,29.71,87.3,73.9,50,5.8,29
5/17/2015,29.63,87.6,73.2,140,11.7,29
5/17/2015,29.61,85.6,76.3,160,11.7,29
5/17/2015,29.8,83.7,73,180,11.7,29
5/17/2015,29.78,84.4,76.6,200,13.6,29
5/17/2015,29.7,85.5,76.1,200,9.7,29
5/18/2015,29.79,85.3,76.6,350,11.7,30
5/18/2015,29.8,83.1,75.7,50,7.8,30
5/18/2015,29.75,82.8,75.4,80,9.7,30
5/18/2015,29.77,81.9,75.2,100,7.8,30
5/18/2015,29.83,83.5,74.1,110,9.7,30
5/18/2015,29.81,85.1,74.1,140,5.8,30
5/18/2015,29.71,85.6,76.3,240,3.9,30
5/18/2015,29.86,83.1,74.5,260,3.9,30
5/19/2015,29.88,82.8,73.4,260,5.8,32
5/19/2015,29.96,83.8,74.1,250,3.9,32
5/19/2015,29.94,83.3,73.2,230,9.7,32
5/19/2015,29.88,83.5,72.9,230,7.8,32
5/19/2015,29.87,83.1,73.4,240,11.7,32
5/19/2015,29.94,82.8,74.7,230,3.9,32
5/19/2015,29.94,83.3,73.6,290,13.6,32
5/19/2015,29.88,82.4,72.7,280,11.7,32
5/19/2015,29.88,82.2,71.8,270,9.7,32
5/19/2015,29.93,83.5,72.5,260,9.7,32
5/19/2017,29.9,83.7,74.3,230,9.7,35
5/19/2017,29.87,84.4,66.2,140,1.9,35
5/20/2015,29.96,84.2,66,330,11.7,33
5/20/2015,29.87,83.3,65.7,330,17.5,33
5/20/2015,29.88,82.8,61.2,330,21.4,33
5/20/2015,30.01,80.8,70.3,280,15.6,33
5/20/2015,30,80.2,68.2,280,13.6,33
5/20/2015,30.01,79.9,68.2,290,11.7,33
5/20/2015, , , ,260,9.7,33
5/20/2017,30.03,79.9,67.8,250,9.7,34
5/20/2017,30.01,80.1,68.7,240,9.7,34
5/21/2015,29.84,78.8,60.4,20,7.8,34
5/21/2017,29.84,78.6,61.9,30,7.8,34
5/21/2017,29.91,78.6,60.3,20,7.8,34
5/21/2017,29.93,78.6,59.2,40,5.8,34
5/22/2015,29.88,78.3,59.4,70,7.8,34
5/22/2015,29.88,79.3,65.5,10,11.7,34
5/22/2015,29.95,79.2,62.8,30,11.7,34
5/22/2015,29.94,79,62.1,40,9.7,34
5/22/2015,29.88,78.1,61.3,50,9.7,34
5/22/2015,29.88,77.4,63.1,10,5.8,34
5/22/2015,29.95,77.7,61,60,13.6,34
5/22/2015,30.04,77.7,60.4,60,15.6,34
5/23/2015,30.03,78.3,61.5,40,11.7,34
5/23/2015,29.94,78.3,62.1,40,13.6,34
5/23/2015,29.95,79,63.1,40,13.6,34
5/23/2015,30.01,79.2,61.7,50,11.7,34
5/23/2015,30.02,79,61.2,80,13.6,34
5/23/2015,29.97,78.6,59.7,60,13.6,34
5/23/2015,29.98,78.3,59.9,60,13.6,34
5/23/2015,29.98,78.8,72.5,40,13.6,34
5/23/2015,29.95,78.6,71.6,40,15.6,34
5/23/2017,30.01,79.9,71.4,50,17.5,34
5/23/2017,29.7,86.9,78.6,150,13.6,34
5/23/2017,29.72,86.9,79,160,11.7,34
5/24/2015,29.66,86.4,79.2,180,9.7,36
5/24/2015,29.59,84.7,77.7,140,3.9,36
5/24/2015,29.63,85.1,78.1,220,5.8,36
5/24/2015,29.64,85.3,77,230,9.7,36
5/24/2015,29.57,85.5,78.8,130,5.8,36
5/24/2015,29.54,84.9,78.6,180,19.4,36
5/24/2015,29.58,84.7,81.9,200,15.6,36
5/24/2015,29.57,87.1,81.7,210,15.6,36
5/24/2015,29.64,93.4,82.4,210,11.7,36
5/24/2015,29.57,85.8,80.1,220,19.4,36
5/24/2015,29.63,86.4,78.8,240,19.4,36
5/24/2015,29.63,85.6,80.2,210,15.6,36
5/24/2015,29.57,85.8,80.8,190,17.5,36
5/24/2015,29.55,86.4,80.6,180,19.4,36
5/24/2016,29.59,85.1,82.2,180,23.3,34
5/24/2016,29.59,84.7,81.5,190,29.2,34
5/24/2016,29.55,84.2,81.3, , ,34
5/24/2016,29.57,83.8,81,220,36.9,34
5/24/2016,29.65,84.6,80.2,220,19.4,34
5/25/2015,29.54,82.6,79,220,23.3,36
5/25/2015,29.56,82.9,80.6,220,21.4,36
5/25/2015,29.61,83.8,80.6,220,19.4,36
5/25/2015,29.61,83.8,80.6,220,19.4,36
5/25/2015,29.56,84.9,80.6,200,17.5,36
5/25/2016,29.54,84.7,81.9,190,19.4,34
5/26/2015,29.6,84.2,81.9,190,13.6,34
5/26/2015,29.65,83.5,81.5,220,9.7,34
5/26/2015,29.61,83.1,80.2,230,13.6,34
5/26/2015,29.6,83.8,75.2,250,11.7,34
5/26/2015,29.65,83.8,75.2,220,5.8,34
5/26/2015,29.66,85.1,76.1,180,7.8,34
5/26/2015,29.6,87.4,74.5,130,7.8,34
5/27/2015,29.57,86,78.4,160,11.7,32
5/27/2017,29.63,85.1,79.5,220,11.7,32
5/27/2017,29.65,85.5,77.5,220,13.6,32
5/27/2017,29.6,83.7,81.7,230,15.6,32
5/28/2015,29.61,82.9,80.4,220,13.6,32
5/28/2015,29.66,83.7,81.1,220,17.5,32
5/28/2017,29.63,84.4,81.5,210,15.6,34
5/28/2017,29.55,85.3,81.7,180,19.4,34
5/28/2017,29.66,85.5,80.8,200,17.5,34
5/28/2017,29.68,86.2,80.8,230,23.3,34
5/29/2015,29.63,85.3,77.4,230,15.6,34
5/29/2015,29.6,84.9,79.7,220,19.4,34
5/29/2015,29.67,85.6,79,230,19.4,34
5/29/2015,29.54,87.1,73.8,310,9.7,34
5/29/2015,29.52,85.5,76.8,190,7.8,34
5/29/2015,29.57,83.8,75.6,220,11.7,34
5/29/2015,29.58,82,75,240,11.7,34
5/29/2015,29.53,82,74.7,280,7.8,34
5/30/2015,29.52,82.6,72.9,280,11.7,31
5/30/2015,29.57,83.5,73.4,250,13.6,31
5/30/2015,29.57,85.8,73.4,230,11.7,31
5/30/2015,29.51,88.5,73.2,250,15.6,31
5/30/2015,29.54,83.3,73.6,250,9.7,31
5/30/2015,29.56,85.5,75.2,240,11.7,31
5/30/2015,29.57,86.5,75.9,240,11.7,31
5/30/2015,29.51,86.2,77.2,240,11.7,31
5/31/2015,29.47,85.1,78.4,230,13.6,30
5/31/2015,29.61,87.1,75.6,190,11.7,30
5/31/2015,29.66,86,79.5,170,21.4,30
6/13/2017,29.67,85.5,80.1,170,25.3,34
6/13/2017,29.63,84.9,80.2,190,27.2,34
6/13/2017,29.65,83.1,77.5,230,19.4,34
6/13/2017,29.73,84.4,73.4,250,13.6,34
6/13/2017,29.74,85.6,76.6,180,11.7,34
6/13/2017,29.68,85.5,80.1,190,25.3,34
6/13/2017,29.73,85.6,78.4,210,25.3,34
6/14/2017,29.68,84.6,79.3,220,25.3,34
6/14/2017,29.79,84.4,78.1,210,17.5,34
6/14/2017,29.7,87.8,78.6,170,13.6,34
6/14/2017,29.65,91,80.6,170,13.6,34
6/14/2017,29.65,83.3,74.7,230,15.6,34
6/14/2017,29.64,81.5,75.6,230,21.4,34
6/14/2017,29.68,84.7,76.8,250,17.5,34
6/14/2017,29.68,85.6,76.3,290,17.5,34
6/15/2017,29.62,85.6,74.5,250,13.6,32
6/15/2017,29.58,86.4,76.1,220,7.8,32
6/15/2017,29.63,84.9,79.3,170,13.6,32
6/15/2017,29.73,84.9,78.6,180,15.6,32
6/15/2017,29.67,85.8,79,190,11.7,32
6/15/2017,29.65,84.7,78.4,180,15.6,32
6/15/2017,29.72,84.7,79.5,170,17.5,32
6/15/2017,29.74,84.4,78.8,190,13.6,32
6/15/2017,29.67,84.4,77.7,210,17.5,32
6/16/2017,29.66,84.4,79.2,220,15.6,32
6/16/2017,29.72,85.5,77.9,230,11.7,32
6/17/2017,29.7,86.2,79.3,220,11.7,31
6/17/2017,29.63,86.5,79.3,210,9.7,31
6/17/2017,29.62,85.1,79.5,190,9.7,31
6/17/2017,29.68,84.6,79.9,190,11.7,31
6/17/2017,29.7,84.4,79.7,190,15.6,31
6/18/2015,29.65,84.6,78.6,240,13.6,28
6/18/2015,29.64,84.7,78.8,210,19.4,28
6/18/2015,29.72,84.2,79,230,19.4,28
6/18/2015,29.72,85.8,77.5,250,15.6,28
6/18/2015,29.65,90.3,79,260,9.7,28
6/18/2015,29.71,85.5,78.8,290,7.8,28
6/18/2017,29.63,85.5,78.3,320,7.8,28
6/18/2017,29.69,84.7,76.8,310,5.8,28
6/18/2017,29.69,82.9,75.6,290,7.8,28
6/18/2017,29.65,83.5,76.8,250,5.8,28
6/19/2015,29.65,83.3,75.9,260,9.7,28
6/19/2015,29.69,84.6,77.9,250,5.8,28
6/19/2015,29.71,86.2,77.5,10,5.8,28
6/19/2015,29.64,88.3,77.2,50,3.9,28
6/19/2017,29.62,85.6,76.3,80,7.8,30
6/19/2017,29.68,85.3,77.4,140,5.8,30
6/19/2017,29.69,84.6,79,180,7.8,30
6/19/2017,29.66,84.2,78.6,210,9.7,30
6/19/2017,29.65,82.9,77.7,240,7.8,30
6/19/2017,29.7,83.5,77.5,270,3.9,30
6/20/2015,29.72,84,77.4,260,1.9,30
6/20/2015,29.67,82.8,72.7,160,7.8,30
6/20/2015,29.65,82.4,75,160,5.8,30
6/20/2015,29.71,82.2,76.3,230,3.9,30
6/20/2017,29.75,82.9,75.9,230,0,28
6/20/2017,29.69,82.9,73.9,240,1.9,28
6/20/2017,29.7,82.8,74.3,340,1.9,28
6/20/2017,29.77,84.6,74.8,260,3.9,28
6/20/2017,29.77,81.1,74.1,220,9.7,28
6/20/2017,29.68,84.9,79.3,220,25.3,28
6/20/2017,29.67,84.4,78.4,230,23.3,28
6/20/2017,29.75,84.9,77.5,240,23.3,28
6/21/2017,29.7,85.8,77.5,230,15.6,32
6/21/2017,29.71,85.6,77.4,200,11.7,32
6/26/2017,29.75,85.1,78.4,170,15.6,31
6/26/2017,29.74,84.9,79.9,190,15.6,31
6/26/2017,29.69,83.8,75.6,230,19.4,31
6/26/2017,29.7,82.8,75.7,250,15.6,31
6/26/2017,29.75,84.6,75.2,260,17.5,31
6/26/2017,29.72,87.1,75,270,13.6,31
6/26/2017,29.67,86.9,75.4,260,13.6,31
6/26/2017,29.66,85.8,77.5,240,11.7,31
6/28/2015,29.59,85.5,73,260,17.5,32
6/28/2015,29.6,85.3,74.7,270,5.8,32
6/28/2015,29.62,85.5,76.1,200,23.3,32
6/28/2015,29.67,85.8,75.2,260,17.5,32
6/28/2015,29.63,88.5,75,280,3.9,32
6/29/2015,29.73,86.4,78.4,240,11.7,32
6/29/2015,29.7,88,79.3,250,5.8,32
6/29/2017,29.65,84.9,78.6,190,13.6,32
6/29/2017,29.68,85.3,77,230,9.7,32
6/29/2017,29.75,84.2,77.5,210,17.5,32
6/30/2015,29.75,84.7,78.8,220,13.6,32
6/30/2015,29.68,86.2,77.2,290,7.8,32
6/30/2015,29.68,88.7,77,230,1.9,32
7/13/2017,29.76,85.3,77.7,170,9.7,29
7/15/2017,29.78,77.9,75.9,210,11.7,30
7/15/2017,29.74,79,73.4,310,9.7,30
7/16/2017,29.73,80.2,75.4,170,7.8,29
7/16/2017,29.72,83.3,74.3,300,13.6,29
7/16/2017,29.71,84.7,74.5,60,11.7,29
7/16/2017,29.61,85.1,76.1,20,9.7,29
7/16/2017,29.6,85.1,76.1,300,5.8,29
7/19/2017,29.68,84.9,78.3, , ,32
7/19/2017,29.66,83.3,77.4,310,23.3,32
7/19/2017,29.66,84,76.3,310,23.3,32
7/19/2017,29.73,84.2,76.5,310,21.4,32
7/19/2017,29.72,84.2,78.3,330,19.4,32
7/19/2017,29.73,84.2,78.6,70,19.4,32
7/19/2017,29.68,84.6,79.3, , ,32
7/20/2017,29.68,77.7,76.8, , ,31
7/20/2017,29.74,82.8,75,40,21.4,31
7/20/2017,29.72,83.8,77.5, , ,31
7/20/2017,29.74,85.1,79.9,280,21.4,31
7/20/2017,29.74,85.1,79.5,40,7.8,31
7/20/2017,29.7,84.9,79.3,40,11.7,31
7/20/2017,29.73,84.6,78.3,50,19.4,31
7/20/2017,29.79,84.9,76.3,50,11.7,31
7/20/2017,29.74,85.6,77.4,110,7.8,31
7/20/2017,29.67,86.7,78.8,170,11.7,31
7/20/2017,29.71,85.8,78.3,190,7.8,31
7/21/2015,29.76,84.9,79.9,280,7.8,31
7/21/2015,29.76,83.8,79.9,270,1.9,30
7/21/2015,29.72,83.3,79.3,100,1.9,30
7/21/2015,29.78,83.8,79,80,5.8,30
7/21/2015,29.83,86.9,77.9,180,3.9,30
7/21/2015,29.78,87.3,76.5,180,3.9,30
7/21/2015,29.71,87.4,76.6,170,5.8,30
7/21/2017,29.72,85.8,75.6,220,3.9,32
7/21/2017,29.8,84.9,76.6,260,1.9,32
7/21/2017,29.8,84.6,76.6,290,5.8,32
7/21/2017,29.75,83.5,76.1,290,1.9,32
7/21/2017,29.77,82.9,76.3,200,1.9,32
7/21/2017,29.84,88.2,76.5,170,1.9,32
7/21/2017,29.81,89.1,76.5,180,5.8,32
7/21/2017,29.73,88.3,76.6,170,3.9,32
7/22/2015,29.75,85.5,74.8,230,9.7,30
7/22/2015,29.81,85.1,76.1,230,11.7,30
7/22/2016,29.82,84.7,75,240,9.7,30
7/22/2016,29.78,84.2,74.5,210,7.8,30
7/22/2016,29.79,83.8,74.1,210,9.7,30
7/22/2017,29.84,85.3,75.4,160,9.7,33
7/22/2017,29.82,84.7,75.7,140,11.7,33
7/22/2017,29.75,85.6,73.8,150,21.4,33
7/22/2017,29.78,84.7,72.3,320,23.3,33
7/22/2017,29.9,80.4,67.8,210,27.2,33
7/22/2017,29.91,80.6,68,210,9.7,33
7/22/2017,29.97,79.9,70.3,210,27.2,33
7/22/2017,29.96,80.4,70.7,210,25.3,33
7/23/2016,29.92,82.6,69.8,30,5.8,28
7/23/2016,29.83,80.6,67.1,320,15.6,28
7/23/2016,30.02,84,58.5,90,7.8,28
7/23/2016,30.01,84.2,62.4,70,9.7,28
7/23/2016,29.93,85.5,63.7,100,9.7,28
7/23/2017,29.91,82.6,65.5,90,11.7,33
7/23/2017,29.95,80.1,64.2,80,1.9,33
7/23/2017,29.85,81.5,71.4, , ,33
7/23/2017,29.9,80.8,70.7,230,11.7,33
7/23/2017,29.91,79.9,71.8,210,7.8,33
7/23/2017,29.85,79.3,71.6,240,7.8,33
7/23/2017,29.85,79,71.6,20,13.6,33
7/23/2017,29.76,80.2,75, , ,33
7/23/2017,29.75,80.2,75,220,19.4,33
7/23/2017,29.82,81.5,75.9,240,15.6,33
7/23/2017,29.84,83.5,76.1,320,3.9,33
7/23/2017,29.75,82.6,78.6, , ,33
7/24/2017,29.76,82.4,77.9, , ,32
7/24/2017,29.84,82.9,78.6, , ,32
7/24/2017,29.85,83.3,78.4,10,17.5,32
7/24/2017,29.75,83.8,77.5,350,15.6,32
7/24/2017,29.75,83.5,77.5, , ,32
7/24/2017,29.82,83.3,78.4,340,11.7,32
7/24/2017,29.85,82.8,78.3,350,11.7,32
7/24/2017,29.8,82.2,78.1,20,19.4,32
7/24/2017,29.8,82.4,78.4,10,11.7,32
7/24/2017,29.87,83.1,78.6,30,9.7,32
7/24/2017,29.88,83.7,77.7,350,13.6,32
7/24/2017,29.77,83.7,77.4,330,13.6,32
7/25/2017,29.76,83.5,77.2,300,15.6,32
7/25/2017,29.84,83.1,78.3,300,15.6,32
7/25/2017,29.87,82.8,77.5,330,19.4,32
7/25/2017,29.84,81.9,73.8, , ,32
7/28/2017,29.92,82.8,73, , ,30
7/28/2017,29.85,86.9,72.7,340,1.9,30
7/28/2017,29.83,84.4,72.9,320,9.7,30
7/28/2017,29.87,83.1,73.4,320,11.7,30
7/28/2017,29.86,83.7,73.6,330,15.6,30
7/28/2017,29.81,82.4,74.3,330,9.7,30
7/28/2017,29.8,81.9,73.4,360,9.7,30
7/28/2017,29.88,82.9,74.3,340,13.6,30
7/28/2017,29.85,83.3,74.3,40,9.7,30
7/28/2017,29.8,84,73.8,360,7.8,30
7/28/2017,29.78,83.1,74.5,310,11.7,30
7/28/2017,29.81,83.1,74.5,350,17.5,30
7/29/2017,29.83,82.6,75.6,350,17.5,30
7/29/2017,29.8,82.2,74.8, , ,30
7/29/2017,29.83,81.1,75.2, , ,30
7/29/2017,29.85,83.1,77.2, , ,30
7/29/2017,29.79,82.9,75.9, , ,30
7/29/2017,29.83,82.4,75.7, , ,30
7/29/2017,29.91,84.2,75.9, , ,30
7/29/2017,29.88,84,75, , ,30
7/30/2017,29.75,86.4,80.2,310,23.3,30
7/30/2017,29.71,86,80.2,20,13.6,30
8/13/2016,29.82,87.1,80.2,270,15.6,31
8/13/2016,29.78,86.4,80.2, , ,31
8/13/2016,29.65,86.7,81.3,320,19.4,31
8/13/2016,29.73,85.6,81.3, , ,31
8/13/2016,29.73,86.2,80.8, , ,31
8/13/2016,29.67,86,79.2, , ,31
8/13/2016,29.71,84.6,79.3, , ,31
8/13/2016,29.76,86.5,79,360,11.7,31
8/13/2017,29.75,85.6,80.1,70,21.4,28
8/13/2017,29.65,85.3,80.1, , ,28
8/13/2017,29.65,85.8,82.6, , ,28
8/13/2017,29.74,85.8,83.3,350,11.7,28
8/13/2017,29.78,85.1,82.6,30,7.8,28
8/13/2017,29.72,84.7,81.5,361,17.5,28
8/13/2017,29.78,84.7,81.1,20,17.5,28
8/13/2017,29.78,85.1,81.5,10,17.5,28
8/14/2016,29.68,85.3,81.7,361,17.5,31
8/14/2016,29.67,85.8,82.6,340,13.6,31
8/14/2016,29.75,84.9,82.9,30,11.7,31
8/14/2016,29.78,84.6,81.7,40,19.4,31
8/14/2016,29.7,84.7,80.1,360,11.7,31
8/14/2017,29.78,84.7,80.8,30,15.6,29
8/14/2017,29.78,85.1,81.1,20,19.4,29
8/14/2017,29.71,85.3,81,20,19.4,29
8/14/2017,29.68,85.6,81.3,330,21.4,29
8/14/2017,29.76,84.9,81.7,350,11.7,29
8/14/2017,29.8,84.7,81.9,340,13.6,29
8/14/2017,29.72,84.4,81.5, , ,29
8/14/2017,29.79,85.1,80.4,50,21.4,29
8/14/2017,29.77,85.1,79.5, , ,29
8/14/2017,29.71,86,80.2,350,17.5,29
8/14/2017,29.76,84.9,82, , ,29
8/14/2017,29.81,85.3,81.3,350,11.7,29
8/14/2017,29.78,85.3,81,10,13.6,29
8/14/2017,29.85,85.1,80.4,20,11.7,29
8/15/2017,29.83,85.5,80.8,20,11.7,29
8/15/2017,29.73,85.8,80.4,361,13.6,29
8/15/2017,29.68,85.8,81.1,340,15.6,29
8/15/2017,29.73,85.5,81.1,340,17.5,29
8/15/2017,29.77,85.5,80.4,20,13.6,29
8/15/2017,29.76,84.6,81,70,11.7,29
8/15/2017,29.85,85.5,79.2,340,15.6,29
8/15/2017,29.83,86.5,78.6,20,13.6,29
8/15/2017,29.75,87.3,79,360,15.6,29
8/15/2017,29.7,86.7,79.9, , ,29
8/15/2017,29.76,86.9,79.3, , ,29
8/15/2017,29.78,86.5,78.3, , ,29
8/15/2017,29.86,85.6,79,350,7.8,29
8/15/2017,29.79,86.2,79.7,330,13.6,29
8/16/2017,29.77,86.2,77.2,330,17.5,30
8/16/2017,29.82,85.6,77.4,340,15.6,30
8/16/2017,29.85,85.3,78.3,340,13.6,30
8/16/2017,29.73,86.4,80.6,280,23.3,30
8/16/2017,29.77,86.9,80.4,240,11.7,30
8/16/2017,29.57,88.7,80.4, , ,30
8/16/2017,29.55,87.8,79.9, , ,30
8/16/2017,29.61,86.9,80.8, , ,30
8/16/2017,29.6,87.6,79.7,320,5.8,30
8/17/2016,29.58,86.4,79.9,340,9.7,32
8/17/2016,29.58,86.9,79.7,10,13.6,32
8/17/2016,29.57,90,80.1,80,3.9,32
8/17/2017,29.53,88,81.9,20,11.7,28
8/17/2017,29.58,88.5,79.9,20,13.6,28
8/17/2017,29.54,87.8,81, , ,28
8/17/2017,29.59,86.5,79.7, , ,28
8/17/2017,29.64,86.4,81,360,13.6,28
8/18/2016,29.67,85.8,81.1,320,23.3,32
8/18/2016,29.62,86.7,80.6, , ,32
8/18/2016,29.63,85.6,80.6,330,19.4,32
8/18/2016,29.61,88,78.4, , ,32
8/18/2016,29.62,87.6,76.8, , ,32
8/18/2017,29.58,86.9,79.3, , ,28
8/18/2017,29.54,90.9,76.8, , ,28
8/18/2017,29.57,86.9,81.5, , ,28
8/18/2017,29.64,89.4,77.4,40,17.5,28
8/18/2017,29.6,87.6,73.2, , ,28
8/19/2017,29.64,88,71.1, , ,29
8/19/2017,29.67,88.2,80.2,220,13.6,29
8/19/2017,29.71,87.3,79.7,270,27.2,29
8/20/2015,29.69,86,80.2,310,11.7,30
8/20/2015,29.7,87.8,82.8,270,11.7,30
8/20/2015,29.66,89.2,78.4,160,13.6,30
8/21/2017,29.75,89.1,83.3,280,13.6,28
8/21/2017,29.74,89.6,78.4,320,7.8,28
8/21/2017,29.72,85.1,79.5,310,11.7,28
8/21/2017,29.73,85.6,80.1,330,9.7,28
8/21/2017,29.65,89.4,83.3,190,9.7,28
8/22/2015,29.71,87.4,83.1,230,7.8,30
8/22/2015,29.73,87.6,82.2,230,5.8,30
8/22/2016,29.69,87.1,83.1,280,11.7,32
8/22/2016,29.72,86,78.1,290,9.7,32
8/22/2016,29.74,86.9,78.6,280,9.7,32
8/22/2016,29.58,89.6,86.5,280,15.6,32
8/22/2016,29.57,89.6,81.3,300,23.3,32
8/22/2016,29.64,90.5,82,300,21.4,32
8/22/2017,29.78,88.5,83.5,120,1.9,28
8/23/2015,29.72,87.3,81.5,320,5.8,28
8/23/2016,29.71,86.9,81.9,350,9.7,31
8/23/2017,29.66,86.5,80.1,250,15.6,30
8/23/2017,29.63,86.2,79.3,250,11.7,30
8/23/2017,29.7,86.2,78.6,260,11.7,30
8/23/2017,29.74,86.7,81,300,15.6,30
8/23/2017,29.98,84.7,73.8,110,13.6,30
8/23/2017,29.98,84.2,74.5,100,13.6,30
8/24/2016,29.95,83.7,74.7,90,11.7,32
8/24/2017,29.77,80.6,74.1,220,4.1,28
8/24/2017,29.91,77.9,70.2,20,19,28
8/24/2017,29.67,85.6,76.3,170,21.4,28
8/24/2017,29.73,87.1,78.8,220,9.7,28
8/25/2017,29.71,86,77.4,170,17.5,26
8/25/2017,29.71,81.1,70.2,170,5.8,26
9/13/2017,29.52,82,72.3,240,13.6,30
9/13/2017,29.58,83.5,73.4,240,15.6,30
9/13/2017,29.56,85.5,73.9,240,11.7,30
9/13/2017,29.51,87.8,74.8,140,5.8,30
9/13/2017,29.56,83.5,78.6,160,11.7,30
9/13/2017,29.59,81,74.7,190,15.6,30
9/13/2017,29.54,80.1,72,230,17.5,30
9/13/2017,29.54,79.3,73,220,11.7,30
9/14/2015,29.6,86,73.2,170,3.9,30
9/14/2015,29.71,84.7,78.4,280,13.6,30
9/14/2015,29.72,84.2,79,320,11.7,30
9/14/2015,29.67,81.7,73.2,310,11.7,30
9/14/2017,29.68,82.6,73.2,140,19.4,29
9/14/2017,29.74,83.7,77.7,310,15.6,29
9/14/2017,29.72,84.9,76.6,120,11.7,29
9/14/2017,29.66,87.3,78.6,250,11.7,29
9/14/2017,29.66,84.9,77.9,260,19.4,29
9/14/2017,29.74,82.8,75.7,150,13.6,29
9/14/2017,29.74,83.3,75.6,150,15.6,29
9/14/2017,29.74,86.2,71.4,340,3.9,29
9/15/2016,29.85,85.3,75,290,9.7,28
9/15/2016,29.82,86.5,75,100,7.8,28
9/15/2016,29.74,88,74.5,90,9.7,28
9/15/2016,29.73,85.1,74.1,30,9.7,28
9/15/2016,29.8,84.9,73.4,340,13.6,28
9/15/2017,29.81,84.7,72.9,90,9.7,29
9/15/2017,29.79,83.7,72.3,40,3.9,29
9/15/2017,29.87,86.4,71.6,250,5.8,29
9/17/2016,29.84,85.8,73,80,11.7,26
9/17/2016,29.77,85.8,72,40,9.7,26
9/17/2016,29.8,83.8,75.2,340,17.5,26
9/17/2016,29.86,86.5,75.9,90,3.9,26
9/17/2017,29.82,84.6,75.9,290,1.9,26
9/17/2017,29.74,85.3,75,300,15.6,26
9/17/2017,29.75,84.9,74.7,320,17.5,26
9/17/2017,29.81,84.7,74.5,240,5.8,26
9/17/2017,29.8,84.6,74.3,330,13.6,26
9/17/2017,29.75,84,75.4,10,5.8,26
9/18/2017,29.8,86.5,73.6,250,3.9,30
9/18/2017,29.77,86.2,72.9,100,5.8,30
9/18/2017,29.7,85.8,73,340,7.8,30
9/18/2017,29.7,84.6,72.7,320,11.7,30
9/18/2017,29.76,84.2,72.7,80,9.7,30
9/18/2017,29.8,83.7,70,310,11.7,30
9/18/2017,29.78,83.5,68.9,80,7.8,30
9/18/2017,29.8,85.6,70.3,90,13.6,30
9/19/2017,29.78,83.5,73.8,30,7.8,29
9/19/2017,29.74,80.2,74.7,260,11.7,29
9/19/2017,29.93,80.1,67.5,60,11.7,29
9/19/2017,29.93,80.1,67.1,80,9.7,29
9/19/2017,29.85,80.4,69.1,140,11.7,29
9/19/2017,29.85,79.9,71.8,140,11.7,29
9/19/2017,29.83,79.2,68.7,140,7.8,29
9/19/2017,29.85,79,69.4,150,9.7,29
9/20/2017,29.64,87.8,81.3, , ,30
9/20/2017,29.62,87.3,82.2, , ,30
9/20/2017,29.65,87.1,82.4, , ,30
9/20/2017,29.66,86.7,82.8, , ,30
9/20/2017,29.63,86,81.7, , ,30
9/22/2017,29.67,85.3,80.2, , ,30
9/22/2017,29.72,90.1,78.8,320,11.7,30
9/22/2017,29.67,89.6,76.6,340,7.8,30
9/22/2017,29.65,88.5,79.3,70,5.8,30
9/22/2017,29.72,87.1,82.8,140,7.8,30
9/22/2017,29.7,86.9,81.9,180,9.7,30
9/23/2017,29.62,86.5,81.5,180,7.8,30
9/24/2015,29.71,84.7,78.4,360,11.7,30
9/24/2015,29.68,84.9,78.6, , ,30
9/24/2015,29.74,85.5,79.5,20,19.4,30
9/24/2015,29.73,85.3,77.7, , ,30
9/24/2015,29.67,84.4,76.6, , ,30
9/24/2015,29.7,84.2,76.8, , ,30
9/24/2015,29.71,84,77.7, , ,30
9/24/2017,29.7,84.4,74.7, , ,28
9/24/2017,29.7,84.4,75, , ,28
9/25/2015,29.75,84,75.4, , ,30
9/25/2015, , , ,180,15.6,30
9/25/2015, , , ,210,21.4,30
9/25/2015, , , ,200,19.4,30
9/25/2015,29.69,86.7,74.7,200,1.9,30
9/25/2015,29.7,84.9,73.9,350,7.8,30
9/25/2015,29.56,87.3,76.5,120,15.6,30
9/25/2015,29.62,86,77.7,150,13.6,30
9/25/2017,29.68,85.6,78.4,250,7.8,26
9/25/2017,29.64,85.5,77.9,180,5.8,26
9/25/2017,29.64,84.9,77.9,160,3.9,26
9/25/2017,29.68,88.3,76.6,190,3.9,26
9/25/2017,29.66,92.1, ,250,7.8,26
9/25/2017,29.58,86.7,77.2,140,13.6,26
9/25/2017,29.67,86.9,73.9,10,0,26
9/25/2017,29.61,84.6,78.6,200,9.7,26
9/25/2017,29.63,84.9,74.3,270,5.8,26
9/25/2017,29.56,80.8,71.6,270,1.9,26
9/26/2015,29.61,85.1,76.1,60,3.9,30
9/26/2015,29.79,85.1,74.5,230,5.8,30
9/26/2015,29.78,86.9,73.6,150,7.8,30
9/26/2016,29.72,86.7,75.6,130,9.7,31
9/26/2016,29.7,86.4,76.8,150,9.7,31
9/26/2017,29.8,83.3,71.1,250,15.6,28
9/26/2017,29.78,84.4,72.5,180,9.7,28
9/26/2017,29.75,81.9,73,230,11.7,28
9/26/2017,29.79,83.3,72.3,240,11.7,28
9/26/2017,29.74,87.6,72.3,240,5.8,28
9/26/2017,29.69,84.7,75.7,160,11.7,28
9/26/2017,29.73,84,72.1,230,11.7,28
9/26/2017,29.75,82.8,72.7,210,7.8,28
9/27/2015,29.7,80.8,72,240,11.7,30
9/27/2015,29.71,80.4,72.3,220,13.6,30
9/27/2015,29.72,82.4,71.8,230,13.6,30
9/27/2015,29.76,84.9,78.6,170,11.7,30
9/27/2015,29.68,85.5,73,190,1.9,30
9/27/2015,29.72,84.7,75,100,5.8,30
9/27/2016,29.74,84.9,74.3,180,3.9,31
9/27/2016,29.71,84.2,77.5,200,11.7,31
9/27/2016,29.68,84.7,78.4,160,11.7,31
9/27/2016,29.74,84.6,79,190,9.7,31
9/27/2016,29.72,82.8,74.3,260,19.4,31
9/27/2016,29.7,83.5,73.4,320,11.7,31
9/28/2015,29.61,85.1,74.5,350,11.7,30
9/28/2015,29.62,85.1,74.5,30,3.9,30
9/28/2015,29.7,84.4,74.1,300,9.7,30
9/28/2015,29.71,84.2,75.6,230,1.9,30
9/28/2015,29.64,83.1,76.5,230,11.7,30
9/28/2015,29.67,81.9,74.8,240,9.7,30
9/28/2015,29.72,81.7,75.4,280,3.9,30
9/28/2015,29.63,83.3,75.2,160,9.7,30
9/28/2017,29.7,83.8,75.6,130,3.9,28
9/28/2017,29.64,83.8,76.8,210,9.7,28
9/28/2017,29.71,82.2,73.2,260,1.9,28
9/28/2017,29.69,85.5,75.6,150,3.9,28
9/28/2017,29.62,84.6,77.5,170,11.7,28
9/29/2015,29.68,81.9,74.8,210,3.9,28
9/29/2015,29.67,82.6,75.2,250,9.7,28
9/29/2015,29.7,82.8,73.8,210,9.7,28
9/29/2015,29.68,88.3,72.5,230,7.8,28
9/29/2015,29.75,85.3,77.7,200,15.6,28
9/29/2015,29.66,86.7,77.7,180,9.7,28
9/29/2015,29.83,81.1,71.8,350,13.6,28
9/29/2015,29.87,83.8,72.9,50,13.6,28
9/29/2017,29.83,84.2,72.3,10,15.6,30
9/29/2017,29.8,84,72.5,20,19.4,30
9/30/2015,30,82,68.9,60,15.6,29
