date,meantempm,meandewptm,meanpressurem,maxhumidity,minhumidity,maxtempm,mintempm,maxdewptm,mindewptm,maxpressurem,minpressurem,precipm,sealevelpressure,dewpoint
1/1/2015,25,24,1008.88,100,65,29,21,25,22,1012,1007,0.4,29.67,76.3
1/2/2015,26,24,1011.18,100,66,30,22,26,22,1014,1009,0,29.73,78.8
1/3/2015,26,24,1012.48,100,60,30,23,25,23,1015,1010,0,29.71,77.4
1/4/2015,26,23,1012.57,100,58,30,22,25,22,1016,1010,0,29.71,70.2
1/5/2015,26,23,1012.3,100,49,30,22,25,20,1015,1010,0,29.7,77.2
1/6/2015,26,23,1012.6,100,50,30,21,25,21,1016,1011,0,29.72,77.9
1/7/2015,26,23,1012.38,100,55,30,21,24,22,1016,1010,0,29.66,77.7
1/8/2015,25,22,1012.78,100,56,29,21,24,21,1016,1011,0,29.7,78.6
1/9/2015,26,22,1014.12,100,55,29,22,23,18,1017,1012,0,29.72,79
1/10/2015,23,18,1014.63,94,40,29,17,22,14,1018,1012,0,29.66,79.2
1/11/2015,24,18,1014.66,88,33,29,19,20,15,1018,1013,0,29.74,77.4
1/12/2015,24,18,1013.96,94,34,28,19,19,15,1017,1012,0,29.76,73.6
1/13/2015,24,18,1013.14,94,41,29,18,20,16,1017,1011,0,29.59,77.7
1/14/2015,23,18,1012.96,94,43,28,18,20,16,1016,1011,0,29.64,79.9
1/15/2015,24,19,1012.9,94,43,29,18,22,18,1016,1011,0,29.66,79.2
1/16/2015,25,21,1013.33,100,48,29,21,23,19,1016,1011,0,29.58,76.3
1/17/2015,24,19,1013.94,94,41,29,20,22,16,1017,1012,0,29.63,78.1
1/18/2015,24,19,1014.37,100,45,28,20,21,17,1017,1012,0,29.64,77
1/19/2015,24,18,1014.32,94,39,29,19,19,17,1017,1012,0,29.57,78.8
1/20/2015,24,18,1015.73,94,41,29,19,20,17,1018,1014,0,29.54,78.6
1/21/2015,24,18,1017.17,88,29,29,19,20,14,1020,1015,0,29.57,75
1/22/2015,24,20,1016.81,88,58,28,20,22,18,1019,1014,0.5,29.64,75.2
1/23/2015,26,22,1014.4,100,52,29,22,23,20,1017,1012,0,29.65,77.2
1/24/2015,25,22,1014.5,94,62,29,21,24,19,1017,1012,3,29.59,77.4
1/25/2015,24,20,1015.87,100,46,28,19,21,18,1019,1014,0,29.57,78.4
1/26/2015,24,20,1015.02,94,42,29,20,21,18,1018,1013,0,29.62,79.5
1/27/2015,24,21,1013.59,94,53,28,21,22,19,1017,1011,0,29.64,80.8
1/28/2015,24,20,1012.24,94,48,29,20,23,19,1015,1010,3,29.59,80.2
1/29/2015,26,21,1012.76,94,47,30,22,23,19,1016,1010,0,29.59,79.5
1/30/2015,26,21,1014.53,94,48,29,22,23,19,1017,1013,0,29.64,77.7
1/31/2015,24,20,1014.88,100,43,29,20,22,19,1017,1013,0,29.64,78.3
2/1/2015,24,21,1014.58,100,46,29,20,22,20,1017,1012,0,29.58,78.8
2/2/2015,25,20,1015.9,94,45,29,21,22,18,1018,1014,0,29.57,79.9
2/3/2015,25,20,1017.27,88,43,30,20,21,18,1020,1015,0,29.62,81
2/4/2015,26,21,1016.67,94,44,30,21,22,19,1020,1014,0,29.62,81
2/5/2015,26,20,1015.07,94,36,31,20,22,17,1017,1013,0,29.6,80.6
2/6/2015,26,21,1014.63,94,43,30,21,22,19,1017,1013,0,29.58,81.9
2/7/2015,25,20,1014.23,94,37,30,20,22,16,1017,1012,0,29.57,81.7
2/8/2015,25,20,1013.73,94,42,30,20,21,18,1016,1011,0,29.59,80.4
2/9/2015,25,19,1013.92,88,38,30,20,21,17,1016,1012,0,29.64,80.1
2/10/2015,25,20,1014.51,83,47,29,21,21,18,1018,1012,0,29.66,80.6
2/11/2015,25,21,1013.42,88,51,29,21,22,20,1016,1011,0,29.62,79.5
2/12/2015,26,21,1012.81,94,40,31,21,22,19,1016,1010,0,29.61,79
2/13/2015,26,22,1012.52,94,50,31,21,23,20,1016,1010,0,29.65,79
2/14/2015,26,21,1011.36,100,36,32,20,23,16,1014,1009,0,29.64,82.4
2/15/2015,26,20,1011.78,88,23,33,20,23,13,1014,1009,0,29.63,79.2
2/16/2015,26,20,1012.85,100,28,32,21,22,16,1016,1010,0,29.63,79.9
2/17/2015,25,21,1012.43,100,37,29,21,22,16,1016,1009,0,29.67,80.1
2/18/2015,26,20,1011.9,94,29,32,20,22,12,1015,1009,0,29.64,80.4
2/19/2015,24,20,1011.76,94,39,30,19,29,18,1015,1009,0,29.59,80.2
2/20/2015,25,20,1012.6,94,36,30,20,22,18,1015,1010,0,29.56,80.8
2/21/2015,26,20,1012.86,94,37,30,21,22,17,1015,1011,0,29.62,81.1
2/22/2015,26,19,1013.23,94,27,31,21,22,15,1016,1011,0,29.63,80.8
2/23/2015,26,20,1013.4,94,35,31,21,22,17,1016,1011,0,29.58,80.2
2/24/2015,26,19,1012.31,94,29,31,20,21,15,1016,1010,0,29.61,80.1
2/25/2015,26,18,1010.75,94,20,32,19,21,11,1014,1009,0,29.66,80.4
2/26/2015,26,21,1009.71,88,45,31,21,24,19,1013,1007,0,29.63,79.7
2/27/2015,27,24,1009.94,94,56,32,22,24,22,1013,1008,0,29.59,79.7
2/28/2015,27,24,1010.25,94,55,31,23,24,22,1013,1008,0,29.6,80.6
3/1/2015,28,23,1010.67,84,55,31,24,24,22,1013,1008,0,29.65,80.6
3/2/2015,28,23,1011.82,89,50,31,25,24,22,1015,1009,0,29.63,79.9
3/3/2015,28,23,1011.06,89,50,32,23,24,22,1014,1008,0,29.58,80.8
3/4/2015,28,23,1010.63,94,38,33,23,25,20,1014,1008,0,29.57,80.1
3/5/2015,28,25,1011.78,94,50,33,24,25,24,1015,1010,0,29.6,81
3/6/2015,28,24,1012.85,100,43,32,24,25,21,1016,1011,0,29.67,80.4
3/7/2015,28,23,1012.71,94,44,33,24,25,21,1016,1010,0,29.64,79.3
3/8/2015,28,23,1013.28,94,45,32,23,24,21,1016,1011,0,29.59,79.7
3/9/2015,28,23,1014.25,94,37,33,24,24,19,1017,1012,0,29.55,80.2
3/10/2015,27,20,1014.02,100,35,32,22,24,17,1016,1012,0, ,80.8
3/11/2015,27,21,1013.8,83,34,32,22,22,19,1017,1011,0,29.63,78.8
3/12/2015,28,22,1013.7,89,43,32,23,23,21,1016,1011,0,29.63,80.2
3/13/2015,28,22,1013.38,94,38,33,24,24,20,1016,1011,0,29.57,80.8
3/14/2015,28,23,1014.08,94,39,33,23,24,21,1017,1012,0,29.55,80.6
3/15/2015,28,23,1014.08,100,45,32,24,24,21,1017,1011,0,29.59,82.2
3/16/2015,28,23,1014.04,94,42,32,23,24,20,1017,1012,0,29.59,81.5
3/17/2015,27,22,1012.6,94,37,33,21,23,18,1016,1010,0,29.55,81.3
3/18/2015,28,21,1010.58,94,28,35,21,23,16,1013,1008,0,29.57,81
3/19/2015,28,22,1011.27,94,32,34,21,24,19,1014,1009,0,29.57,79.9
3/20/2015,28,23,1012.35,94,42,33,23,24,21,1015,1010,0,29.61,81.9
3/21/2015,29,21,1013.04,94,19,35,23,24,12,1016,1010,0,29.62,81.3
3/22/2015,30,22,1011.52,89,24,36,23,25,16,1015,1009,0,29.57,81.3
3/23/2015,29,24,1009.92,94,39,35,23,26,20,1013,1007,0,29.65,80.2
3/24/2015,28,24,1009.43,100,40,34,23,26,22,1012,1007,0,29.57,81
3/25/2015,28,24,1010.65,94,46,33,23,25,22,1014,1009,0,29.7,79.7
3/26/2015,28,23,1012.6,94,40,33,24,24,21,1016,1011,0,29.69,81.1
3/27/2015,28,23,1012.75,94,37,33,24,24,20,1016,1010,0,29.6,80.6
3/28/2015,29,24,1011.54,94,38,34,24,25,21,1015,1008,0,29.57,81.1
3/29/2015,30,23,1010.11,94,32,34,25,25,19,1014,1007,0,29.64,81
3/30/2015,29,24,1010,94,41,34,24,25,21,1013,1007,0,29.59,80.1
3/31/2015,30,24,1010.32,89,42,34,26,26,22,1013,1008,0,29.61,79.7
4/1/2015,30,25,1009.96,94,44,34,26,26,23,1013,1007,0,29.54,79
4/2/2015,31,25,1008.62,94,37,36,26,26,22,1012,1005,0,29.56,80.6
4/3/2015,32,25,1006.4,89,38,38,25,27,22,1010,1003,0,29.61,80.6
4/4/2015,32,25,1004.67,89,33,37,27,27,20,1007,1002,0,29.61,80.6
4/5/2015,31,26,1005.96,89,37,36,26,27,22,1009,1004,0,29.56,80.6
4/6/2015,30,24,1006.88,89,35,35,26,26,21,1010,1004,0,29.54,81.9
4/7/2015,30,25,1007.62,89,47,35,26,26,22,1011,1005,0,29.6,81.9
4/8/2015,30,25,1009.38,84,38,34,25,26,22,1012,1007,0,29.65,81.5
4/9/2015,30,25,1009.82,89,52,34,26,26,24,1012,1008,0,29.61,80.2
4/10/2015,30,24,1010.19,89,42,35,25,25,22,1013,1007,0,29.6,75.2
4/11/2015,30,24,1010.43,94,34,35,24,26,21,1014,1008,0,29.65,75.2
4/12/2015,30,24,1012,94,44,34,25,25,22,1015,1009,0.4,29.66,76.1
4/13/2015,29,23,1012.21,94,44,33,24,26,21,1015,1008,0.7,29.6,74.5
4/14/2015,28,21,1010.38,94,27,34,22,25,16,1014,1007,0,29.57,78.4
4/15/2015,26,24,1010.79,94,63,29,23,25,22,1014,1009,103,29.63,79.5
4/16/2015,28,24,1011.6,94,47,32,24,25,22,1015,1009,0,29.65,77.5
4/17/2015,29,24,1009.78,94,41,33,25,26,21,1014,1006,0,29.6,81.7
4/18/2015,30,23,1007.89,89,34,35,24,25,20,1011,1005,0,29.61,80.4
4/19/2015,29,24,1008.15,94,44,33,25,25,22,1011,1006,0,29.66,81.1
4/20/2015,30,25,1009.71,94,47,34,26,26,23,1013,1007,0,29.63,81.5
4/21/2015,30,26,1009.53,89,48,34,27,26,24,1012,1007,0,29.55,81.7
4/22/2015,30,25,1008.5,94,42,35,26,26,24,1012,1006,0,29.64,79.2
4/23/2015,32,26,1008.39,84,42,37,27,27,24,1012,1005,0,29.59,79.3
4/24/2015,30,25,1009.12,94,42,35,24,27,22,1012,1006,6,29.67,80.1
4/25/2015,28,23,1008.41,94,42,35,22,25,22,1011,1005,0,29.68,80.2
4/26/2015,30,25,1009.13,89,43,34,26,26,22,1012,1006,0,29.62,78.8
4/27/2015,30,25,1010.14,94,47,34,26,27,24,1013,1008,0,29.64,79.7
4/28/2015,30,25,1009.45,94,42,35,25,26,22,1013,1006,0,29.66,80.8
4/29/2015,31,26,1008.64,89,46,36,26,27,24,1012,1006,0,29.68,80.8
4/30/2015,32,26,1008.62,89,39,37,27,27,23,1012,1006,0,29.63,77.4
5/1/2015,30,26,1007.78,90,47,36,25,28,24,1010,1005,0,29.6,79.7
5/2/2015,32,26,1007.29,89,38,37,27,28,22,1010,1004,0,29.67,79
5/3/2015,30,25,1007.81,89,50,35,24,27,22,1010,1005,0,29.54,73.8
5/4/2015,30,26,1008.46,89,50,34,27,27,25,1011,1006,0,29.52,76.8
5/5/2015,30,25,1008.07,89,43,34,26,27,23,1011,1006,0,29.57,75.6
5/6/2015,30,25,1007.16,94,48,34,26,26,24,1010,1005,0,29.58,75
5/7/2015,30,25,1007.91,89,43,35,26,26,23,1010,1006,0,29.53,74.7
5/8/2015,32,26,1006.75,89,44,36,27,27,24,1010,1004,0,29.52,72.9
5/9/2015,32,26,1005.31,89,50,37,26,27,24,1008,1003,0,29.57,73.4
5/10/2015,31,26,1005.73,89,46,35,27,27,24,1009,1003,0,29.57,73.4
5/11/2015,31,26,1007.54,84,59,34,28,27,24,1010,1006,0,29.51,73.2
5/12/2015,31,26,1007.3,84,51,35,27,27,25,1010,1005,0,29.54,73.6
5/13/2015,28,25,1007.31,89,58,30,27,27,22,1011,1005,6,29.56,75.2
5/14/2015,28,26,1007.54,94,68,31,25,27,25,1010,1005,12,29.57,75.9
5/15/2015,30,26,1007.64,94,54,34,26,27,25,1010,1006,5,29.51,77.2
5/16/2015,28,26,1006.19,94,68,31,25,27,24,1009,1003,5,29.47,78.4
5/17/2015,29,25,1004.65,94,51,34,24,27,24,1007,1002,0,29.61,75.6
5/18/2015,30,25,1004.55,89,37,36,24,28,23,1007,1002,0,29.66,79.5
5/19/2015,32,26,1004.45,89,41,38,27,28,25,1007,1002,0,29.67,80.1
5/20/2015,33,25,1004.4,89,32,39,27,28,21,1006,1002,0,29.63,80.2
5/21/2015,34,26,1004.16,89,36,40,27,28,24,1007,1001,0,29.65,77.5
5/22/2015,34,26,1004.29,79,33,39,28,27,24,1007,1001,0,29.73,73.4
5/23/2015,34,25,1004.2,79,31,39,28,27,23,1007,1002,0,29.74,76.6
5/24/2015,36,25,1004.5,79,27,42,29,28,23,1008,1002,0,29.68,80.1
5/25/2015,36,25,1004.13,79,27,42,29,27,19,1007,1002,0,29.73,78.4
5/26/2015,34,25,1004.71,79,33,39,28,27,22,1008,1003,0,29.68,79.3
5/27/2015,32,25,1004.38,79,37,38,27,27,22,1007,1001,0,29.52,72.3
5/28/2015,32,22,1003.26,78,30,39,26,25,19,1006,1001,0,29.58,73.4
5/29/2015,34,25,1003.62,84,32,40,27,27,23,1007,1001,0,29.56,73.9
5/30/2015,31,23,1005.16,80,39,35,27,24,21,1012,1003,0,29.51,74.8
5/31/2015,30,26,1004.17,84,34,34,27,28,23,1013,1000,0,29.56,78.6
6/1/2015,30,24,1004.32,84,50,32,27,27,21,1007,1001,0.5,29.59,74.7
6/2/2015,32,24,1005.43,89,38,37,26,26,21,1008,1003,0,29.54,72
6/3/2015,30,23,1004.92,84,33,36,25,25,20,1007,1002,0,29.54,73
6/4/2015,32,26,1005.45,100,45,37,27,27,23,1008,1002,0,29.6,73.2
6/5/2015,32,26,1006,89,43,36,27,27,24,1008,1003,0,29.79,78.1
6/6/2015,31,24,1005.35,84,40,36,26,27,22,1008,1003,0,29.7,78.6
6/7/2015,32,26,1004.87,84,31,38,27,27,22,1007,1002,0,29.65,80.6
6/8/2015,32,25,1005.45,84,33,38,27,27,22,1008,1003,0,29.65,74.7
6/9/2015,32,24,1006.24,79,36,36,27,27,21,1009,1004,0,29.64,75.6
6/10/2015,31,24,1005.35,94,33,38,24,27,22,1008,1002,0,29.68,76.8
6/11/2015,33,24,1004.25,84,30,40,26,27,21,1007,1001,0,29.68,76.3
6/12/2015,29,24,1005.44,89,42,35,23,27,23,1007,1003,0,29.62,74.5
6/13/2015,32,25,1004.36,89,31,37,26,27,21,1006,1001,0,29.58,76.1
6/14/2015,32,24,1003.7,85,32,38,25,26,20,1006,1001,4,29.63,79.3
6/15/2015,31,22,1003.18,89,34,36,26,27,19,1006,1000,0,29.73,78.6
6/16/2015,31,22,1002.84,79,32,35,27,24,20,1006,1000,0,29.67,79
6/17/2015,28,24,1002.11,94,62,31,24,25,23,1005,1000,0.1,29.65,78.4
6/18/2015,28,23,1002.62,89,52,30,25,25,21,1005,1001,1,29.72,79.5
6/19/2015,28,24,1002.37,94,47,32,24,25,22,1005,1001,0.1,29.74,78.8
6/20/2015,30,23,1001.89,74,38,34,26,24,21,1004,999,0,29.67,77.7
6/21/2015,32,21,1002.09,66,27,37,26,22,19,1005,1000,0,29.66,79.2
6/22/2015,32,21,1003.07,70,29,38,26,24,20,1006,1000,0,29.72,77.9
6/23/2015,33,22,1004.26,79,28,38,28,26,20,1007,1002,0.8,29.7,79.3
6/24/2015,32,23,1005.23,79,25,39,26,26,20,1007,1002,0,29.63,79.3
6/25/2015,33,22,1004.46,80,26,38,28,26,20,1008,1001,0.5,29.62,79.5
6/26/2015,32,22,1003.73,66,30,37,26,24,20,1006,1001,0,29.68,79.9
6/27/2015,33,22,1003.98,93,30,38,28,27,20,1007,1001,14,29.7,79.7
6/28/2015,32,23,1005.87,84,27,38,26,27,20,1008,1004,0.8,29.65,78.6
6/29/2015,32,24,1007.4,84,30,38,26,27,21,1010,1005,0,29.64,78.8
6/30/2015,32,23,1007.33,79,27,38,25,26,20,1010,1005,2,29.72,79
7/1/2015,32,23,1007.67,89,27,38,25,27,20,1010,1005,0,29.72,77.5
7/2/2015,32,23,1007.83,84,24,39,26,26,20,1011,1005,2,29.65,79
7/3/2015,32,24,1007.5,83,26,39,26,27,20,1010,1005,0,29.71,78.8
7/4/2015,33,23,1006.25,79,27,39,27,26,21,1009,1004,0,29.63,78.3
7/5/2015,34,22,1004.36,75,24,40,28,26,19,1007,1002,0,29.69,76.8
7/6/2015,34,22,1003.6,79,22,40,28,27,17,1006,1001,0,29.69,75.6
7/7/2015,34,21,1003.45,79,15,40,28,27,15,1006,1001,0,29.65,76.8
7/8/2015,34,23,1004.13,79,23,40,28,26,19,1007,1002,0,29.65,75.9
7/9/2015,34,22,1004.59,74,22,39,28,25,20,1008,1001,3,29.69,77.9
7/10/2015,32,22,1003.08,89,25,39,24,26,20,1006,999,8,29.71,77.5
7/11/2015,30,23,1003.87,89,31,38,23,25,21,1007,1001,0.1,29.64,77.2
7/12/2015,32,23,1004.39,89,30,39,26,26,20,1007,1002,0,29.62,76.3
7/13/2015,32,23,1003.87,84,32,39,26,25,21,1006,1001,0,29.68,77.4
7/14/2015,32,24,1002.62,85,33,37,26,26,21,1006,999,0,29.69,79
7/15/2015,30,24,1001.94,84,39,34,27,26,22,1004,999,0,29.66,78.6
7/16/2015,32,23,1001.23,79,24,38,26,26,19,1004,999,0,29.65,77.7
7/17/2015,32,23,1001.88,96,31,39,26,26,20,1005,999,14,29.7,77.5
7/18/2015,31,24,1003.15,94,30,38,24,27,21,1006,1000,31,29.72,77.4
7/19/2015,30,23,1003.57,94,33,36,23,25,21,1006,1001,0.2,29.67,72.7
7/20/2015,31,22,1002.67,89,29,37,25,26,20,1005,1000,3,29.65,75
7/21/2015,30,23,1003.21,79,32,36,25,26,22,1007,1000,4,29.71,76.3
7/22/2015,30,24,1004.37,91,40,36,24,25,21,1008,1002,0,29.75,75.9
7/23/2015,29,24,1005.81,94,46,35,23,25,22,1009,1003,17,29.69,73.9
7/24/2015,30,24,1006.62,94,39,36,23,26,21,1009,1004,0,29.7,74.3
7/25/2015,31,25,1006.11,94,37,36,26,27,22,1009,1003,0,29.77,74.8
7/26/2015,30,24,1006.51,89,42,35,25,26,22,1010,1004,0,29.77,74.1
7/27/2015,29,24,1007.53,94,42,35,23,26,22,1010,1005,1,29.68,79.3
7/28/2015,30,24,1007.72,91,41,36,24,26,22,1011,1005,14,29.67,78.4
7/29/2015,30,24,1006.96,89,33,36,23,27,21,1010,1004,0,29.75,77.5
7/30/2015,30,24,1006.91,89,33,35,26,27,19,1009,1005,0,29.71,78.4
7/31/2015,30,24,1006.68,89,35,34,26,26,21,1010,1004,0,29.72,79
8/1/2015,27,24,1007.39,94,45,33,21,26,22,1011,1005,6,29.67,73.2
8/2/2015,28,24,1007.4,94,54,34,23,26,23,1011,1004,0.4,29.68,73.2
8/3/2015,30,25,1005.96,89,44,34,25,26,22,1009,1004,0,29.74,77.7
8/4/2015,30,23,1005.63,89,39,35,24,26,21,1010,1003,61,29.72,76.6
8/5/2015,28,24,1005.53,94,39,35,21,27,22,1009,1003,1,29.66,78.6
8/6/2015,30,24,1004.29,89,32,36,24,26,21,1007,1002,0.4,29.66,77.9
8/7/2015,30,24,1004.02,89,47,34,26,26,22,1007,1001,6,29.74,75.7
8/8/2015,30,24,1003.98,94,36,36,24,27,22,1007,1001,2,29.74,75.6
8/9/2015,32,24,1002.23,84,35,37,26,26,22,1005,999,0,29.74,71.4
8/10/2015,31,24,1001.8,89,47,36,26,26,21,1005,1000,1,29.85,75
8/11/2015,30,25,1003.52,89,42,35,25,26,22,1006,1001,0,29.82,75
8/12/2015,30,24,1004.87,84,40,35,26,26,22,1008,1002,0.1,29.74,74.5
8/13/2015,31,24,1004.93,84,42,36,26,27,21,1008,1002,0,29.73,74.1
8/14/2015,30,25,1005.26,94,43,35,25,27,23,1008,1003,0,29.8,73.4
8/15/2015,30,25,1006.16,89,33,36,25,27,22,1010,1004,0,29.81,72.9
8/16/2015,28,25,1007.8,94,52,34,23,27,23,1010,1006,0,29.79,72.3
8/17/2015,30,25,1007.07,94,44,34,25,27,23,1010,1005,0,29.87,71.6
8/18/2015,30,26,1007.85,94,51,34,25,27,24,1011,1005,0,29.84,73
8/19/2015,30,25,1008.59,84,40,34,26,26,22,1011,1006,0,29.77,72
8/20/2015,30,25,1008.13,84,47,36,25,27,22,1011,1005,0,29.8,75.2
8/21/2015,27,24,1008.53,94,64,32,22,27,23,1011,1006,5,29.86,75.9
8/22/2015,27,24,1007.31,94,58,32,22,26,22,1010,1004,0.9,29.82,75.9
8/23/2015,28,24,1006.57,94,43,34,22,25,22,1009,1004,0,29.74,75
8/24/2015,30,24,1007.05,89,37,35,25,26,22,1010,1005,0,29.75,74.7
8/25/2015,31,24,1006.13,89,40,36,26,25,22,1009,1003,0,29.81,74.5
8/26/2015,30,24,1004.73,84,35,35,26,26,21,1008,1002,0,29.8,74.3
8/27/2015,28,24,1004.83,89,54,31,24,26,23,1008,1002,0.4,29.75,75.4
8/28/2015,30,24,1005.77,89,45,34,25,26,22,1008,1004,0,29.8,73.6
8/29/2015,30,24,1005.53,94,32,36,24,26,20,1008,1003,1,29.77,72.9
8/30/2015,32,25,1006.43,84,30,37,26,26,21,1010,1003,0.8,29.7,73
8/31/2015,29,25,1007.42,94,37,35,23,27,22,1010,1005,0,29.7,72.7
9/1/2015,31,25,1006.36,89,42,36,26,27,23,1009,1004,0,29.76,72.7
9/2/2015,30,25,1006,84,44,36,25,27,22,1009,1003,0,29.8,70
9/3/2015,30,25,1007.64,89,52,35,26,27,23,1011,1006,0,29.78,68.9
9/4/2015,30,26,1009.45,94,47,35,26,27,24,1012,1007,0,29.8,70.3
9/5/2015,30,26,1010.17,94,49,35,26,27,24,1013,1007,0,29.78,73.8
9/6/2015,31,25,1009.23,89,41,36,26,26,23,1011,1005,0,29.74,74.7
9/7/2015,28,24,1009.7,94,56,31,25,26,22,1012,1007,0.4,29.81,76.3
9/8/2015,30,24,1008.87,94,38,35,24,27,21,1012,1006,0,29.75,75.4
9/9/2015,30,24,1008.29,89,35,34,25,27,20,1011,1005,0,29.78,74.7
9/10/2015,27,25,1008.12,94,45,32,22,27,22,1011,1005,0.2,29.83,74.5
9/11/2015,29,25,1007.21,94,47,33,25,27,22,1010,1004,0.5,29.85,75.4
9/12/2015,30,24,1007.21,94,36,34,26,27,20,1010,1006,0,29.82,74.1
9/13/2015,30,24,1007.43,89,33,36,25,27,20,1011,1005,0.1,29.8,74.5
9/14/2015,30,23,1006.4,89,38,34,25,26,20,1010,1003,0,29.93,70.3
9/15/2015,31,23,1004.85,84,32,36,26,27,20,1008,1001,0,29.97,75.6
9/16/2015,32,23,1002.84,79,34,37,27,26,20,1006,1000,0,29.93,74.1
9/17/2015,32,23,1002.49,84,32,36,27,27,21,1005,1000,5,29.97,74.5
9/18/2015,30,24,1003.59,94,33,35,26,27,21,1007,1001,0,29.87,73.4
9/19/2015,30,25,1004.79,94,42,34,25,27,22,1007,1003,0,29.82,74.8
9/20/2015,30,25,1004.85,94,34,36,25,27,22,1009,1002,23,29.99,72.3
9/21/2015,28,24,1006.56,94,34,35,22,26,20,1009,1004,0,29.92,72.1
9/22/2015,30,26,1007.32,94,46,34,25,27,24,1010,1004,0,29.94,72.5
9/23/2015,30,26,1008.62,94,45,35,26,27,23,1012,1006,0,30.01,71.8
9/24/2015,30,26,1008,94,43,35,26,27,24,1011,1005,0,30.01,70.9
9/25/2015,30,25,1006.44,89,37,35,26,27,21,1009,1003,0,29.96,70.2
9/26/2015,30,25,1006.57,94,38,36,25,27,23,1010,1003,0,29.98,70.3
9/27/2015,30,25,1006.78,94,46,35,26,27,23,1010,1004,0,30.05,70.5
9/28/2015,30,25,1006.52,89,42,34,25,26,22,1009,1004,1,30.01,67.8
9/29/2015,28,24,1007.14,94,54,33,24,26,23,1010,1005,0.1,30.01,68.2
9/30/2015,29,25,1008.75,94,47,34,24,26,22,1011,1007,0,29.99,70.2
10/1/2015,28,25,1009.73,100,54,32,24,26,24,1012,1008,0.4,29.98,73.8
10/2/2015,30,25,1010.4,89,40,36,25,26,23,1014,1007,0,29.98,74.5
10/3/2015,27,25,1010.34,94,60,32,22,27,24,1013,1008,0,29.95,74.7
10/4/2015,29,25,1009.35,94,47,34,24,27,23,1012,1006,16,30,68.9
10/5/2015,27,25,1009.1,94,60,32,22,26,23,1012,1007,0,30.01,68.9
10/6/2015,28,25,1007.81,94,37,34,23,26,22,1011,1005,0,30.07,68.5
10/7/2015,30,25,1007.75,94,45,35,24,26,23,1011,1005,0,30.04,68.4
10/8/2015,28,25,1008.24,94,45,34,22,27,22,1011,1005,0,29.95,70
10/9/2015,29,26,1008.09,94,59,33,25,27,22,1011,1005,0,29.95,65.1
10/10/2015,29,25,1008.66,94,42,35,23,27,23,1012,1006,0,29.99,68
10/11/2015,26,24,1010.25,94,53,31,22,27,22,1013,1008,0,30.01,69.1
10/12/2015,30,25,1010.8,94,46,34,25,27,23,1014,1008,0,29.98,64.9
10/13/2015,28,25,1010.8,94,47,34,23,26,23,1014,1008,0,30,66.2
10/14/2015,29,24,1011.1,100,44,34,24,26,21,1014,1009,0,30.06,63.7
10/15/2015,28,25,1011.02,100,45,33,24,26,22,1013,1008,0,30.03,63.9
10/16/2015,28,24,1011.32,94,45,33,24,26,22,1014,1009,0,29.94,66
10/17/2015,28,24,1011.57,100,53,33,24,26,22,1014,1009,0,29.96,66.7
10/18/2015,29,25,1012.13,94,46,34,24,26,23,1015,1010,0.1,29.99,70.9
10/19/2015,29,26,1011.72,94,55,33,25,27,25,1015,1009,0,29.9,70
10/20/2015,29,25,1010.22,94,47,33,25,27,23,1013,1008,0,29.93,69.1
10/21/2015,29,24,1009.72,94,45,33,25,27,22,1013,1008,0,29.95,68
10/22/2015,28,22,1010.85,94,30,33,23,25,18,1014,1009,0,30.05,68
10/23/2015,26,23,1010.65,94,56,30,23,25,21,1013,1009,7,30.02,69.1
10/24/2015,27,23,1010.45,100,45,32,22,26,21,1013,1008,0,29.94,68
10/25/2015,28,23,1011.23,89,47,33,23,25,22,1014,1010,0,29.93,74.1
10/26/2015,28,24,1011.49,94,44,33,23,25,22,1014,1010,0.4,29.95,73.2
10/27/2015,28,24,1011.22,94,40,33,24,26,21,1014,1008,0.8,30.01,73.2
10/28/2015,26,25,1011.33,100,58,31,22,27,23,1014,1009,14,29.95,70.5
10/29/2015,26,25,1010.5,100,68,30,23,26,23,1014,1008,13,30.02,73.2
10/30/2015,27,25,1009.45,100,65,31,23,26,24,1012,1007,23,30.03,72
10/31/2015,26,25,1009.79,100,70,29,24,26,22,1012,1008,10,29.93,73.4
11/1/2015,27,25,1010.76,100,57,31,23,27,24,1013,1009,0,29.94,73.2
11/2/2015,26,25,1011.85,100,57,31,22,26,22,1014,1010,0,30.01,72.7
11/3/2015,28,25,1011.81,100,61,32,24,27,23,1014,1010,0.2,30,71.8
11/4/2015,27,25,1010.96,100,56,31,23,26,23,1013,1008,3,29.94,72
11/5/2015,26,26,1010.59,100,68,32,21,27,24,1014,1008,0.2,29.98,72.5
11/6/2015,28,25,1009.73,100,50,32,24,27,23,1012,1007,0,29.95,71.6
11/7/2015,27,25,1010.36,100,70,30,24,26,23,1014,1008,5,29.96,72.1
11/8/2015,24,25,1009.36,100,84,26,23,26,23,1012,1008,74,30,70.9
11/9/2015,24,25,1004.4,100,81,27,22,26,22,1008,1002,47,29.98,70.7
11/10/2015,24,24,1005.02,100,71,27,21,26,22,1010,1001,26,29.91,69.4
11/11/2015,26,25,1009.31,100,72,29,22,26,23,1013,1006,74,29.91,68.5
11/12/2015,26,25,1011.17,100,62,31,22,27,22,1013,1009,0,29.95,72
11/13/2015,24,25,1011.96,100,85,26,23,26,23,1015,1010,10,29.92,71.8
11/14/2015,25,24,1009.87,94,57,28,22,24,22,1013,1007,0.2,29.9,70.5
11/15/2015,24,24,1008.42,100,83,25,23,25,23,1012,1006,233, ,69.8
11/16/2015,25,25,1006.29,100,84,28,22,28,22,1008,1004,41, ,70.3
11/17/2015,24,23,1007.11,94,65,28,21,24,21,1010,1005,0, ,70.9
11/18/2015,25,24,1008.79,94,70,29,21,25,21,1012,1007,0.3,30.01,71.4
11/19/2015,26,25,1010.37,100,71,29,23,27,24,1013,1008,8,29.88,70.2
11/20/2015,26,25,1010.64,100,66,31,22,26,23,1013,1008,0,29.96,70
11/21/2015,26,25,1010.56,100,68,30,23,27,24,1014,1008,7,29.93,69.6
11/22/2015,26,25,1010.54,100,72,29,23,27,24,1013,1008,35,29.85,68.7
11/23/2015,26,25,1011.62,100,70,31,22,26,23,1014,1009,139,29.86,67.6
11/24/2015,26,24,1012.21,100,54,29,22,26,22,1015,1010,0,29.93,67.6
11/25/2015,26,23,1011.54,100,51,30,22,25,21,1014,1009,0,29.92,66.9
11/26/2015,26,24,1011.39,100,62,29,24,26,22,1014,1009,0,29.85,66.7
11/27/2015,26,22,1010.79,94,50,30,21,24,21,1013,1008,0,29.95,68
11/28/2015,26,23,1012.39,100,55,30,21,25,21,1015,1010,0,29.94,68.4
11/29/2015,28,25,1012.66,100,68,31,24,26,23,1015,1011,9,29.85,68.4
11/30/2015,25,25,1013.05,100,73,28,22,26,23,1016,1010,30,29.97,78.8
12/1/2015,23,24,1011.84,100,90,25,21,25,23,1014,1010,325,29.97,69.6
12/2/2015,24,24,1011.76,100,84,26,21,25,22,1015,1009,25,29.94,70
12/3/2015,24,23,1011.07,100,77,28,21,25,21,1014,1009,9,29.96,78.8
12/4/2015,26,24,1011.24,100,71,29,22,27,22,1014,1009,34,29.91,70.2
12/5/2015,24,24,1010.94,94,74,28,20,25,22,1014,1009,14,29.9,70.7
12/6/2015,24,24,1011.23,100,83,26,22,25,23,1014,1009,26,29.98,68.2
12/7/2015,26,23,1011.8,89,60,29,22,24,22,1014,1010,0,29.94,70.3
12/8/2015,25,22,1012.39,94,53,28,22,23,20,1016,1010,1,29.87,69.8
12/9/2015,26,24,1012.59,100,69,29,22,26,23,1016,1010,3,29.89,70
12/10/2015,26,23,1012.64,94,51,29,23,24,20,1016,1011,0,29.96,68.7
12/11/2015,26,24,1011.25,94,56,31,22,27,22,1014,1009,0,29.96,67.6
12/12/2015,26,24,1010.27,94,55,31,22,25,21,1014,1008,0, ,69.3
12/13/2015,26,22,1010.89,94,41,31,21,24,19,1014,1009,0, ,69.3
12/14/2015,26,23,1011.34,94,58,29,22,24,21,1014,1009,0, ,68.5
12/15/2015,26,22,1011.63,94,51,30,21,23,20,1015,1010,0,30.02,78.8
12/16/2015,25,21,1012.23,94,46,31,19,23,19,1015,1010,0,29.91,66
12/17/2015,26,22,1011.96,94,48,31,21,23,21,1015,1010,0,30,65.5
12/18/2015,26,23,1012.55,94,50,31,21,25,21,1016,1010,0,29.96,67.1
12/19/2015,27,23,1014.36,94,53,31,23,25,22,1017,1012,0,29.86,64.4
12/20/2015,26,23,1014.17,94,44,31,22,24,21,1018,1011,0,29.88,62.2
12/21/2015,26,21,1013.95,94,32,32,20,23,16,1018,1011,0,29.94,62.4
12/22/2015,26,22,1014.43,94,46,31,21,24,21,1017,1012,0,29.93,60.8
12/23/2015,26,23,1014.54,89,46,31,22,24,21,1018,1012,0,29.89,62.1
12/24/2015,26,22,1013.43,94,51,31,21,24,21,1016,1011,0,30,64.2
12/25/2015,26,22,1013.5,94,43,31,21,23,19,1016,1012,0,29.96,64
12/26/2015,26,21,1013.96,94,41,30,21,23,17,1018,1012,0,29.88,64.2
12/27/2015,26,22,1014.84,94,51,30,23,23,20,1018,1013,0,29.88,66.7
12/28/2015,26,21,1016.52,83,49,30,22,22,19,1020,1015,0,29.89,66
12/29/2015,26,21,1015.36,95,43,30,21,23,19,1018,1013,0,29.87,66.2
12/30/2015,25,21,1014.27,94,46,30,20,22,20,1017,1012,0,29.97,68.5
12/31/2015,25,20,1015,94,37,30,20,22,18,1018,1012,0,29.95,69.4
1/1/2016,26,20,1016.16,83,42,30,21,22,19,1020,1014,0,29.93,67.5
1/2/2016,25,20,1016.46,88,38,30,20,22,18,1020,1015,0,29.93,67.1
1/3/2016,25,21,1015.3,88,42,31,19,22,19,1019,1013,0,29.85,69.1
1/4/2016,26,20,1015.23,94,40,31,20,22,19,1018,1013,0,29.85,71.8
1/5/2016,25,20,1014.43,88,40,30,20,22,18,1019,1012,0,29.83,68.7
1/6/2016,25,19,1014.48,88,37,30,20,20,17,1018,1012,0,29.85,69.4
1/7/2016,25,19,1015.18,88,44,30,20,21,18,1018,1013,0,29.87,71.6
1/8/2016,26,19,1015.27,83,44,30,21,22,18,1019,1013,0,29.89,72.5
1/9/2016,25,19,1013.32,88,33,30,20,22,16,1017,1011,0,29.97,70.2
1/10/2016,24,18,1014.43,88,34,30,19,20,16,1018,1012,0,29.9,69.6
1/11/2016,24,18,1014.7,88,38,30,19,20,17,1018,1013,0,29.89,68
1/12/2016,24,18,1013.29,88,34,30,19,20,16,1017,1011,0,29.93,70.5
1/13/2016,24,18,1012.54,94,30,30,19,21,14,1016,1010,0,29.84,70.5
1/14/2016,24,18,1012.7,88,34,30,19,21,16,1016,1010,0,29.85,71.2
1/15/2016,24,18,1012.05,83,37,30,19,19,16,1016,1010,0,29.92,70.7
1/16/2016,24,18,1011.43,88,36,30,18,20,16,1015,1009,0,29.91,69.4
1/17/2016,24,19,1011.35,83,42,29,19,20,17,1015,1009,0,29.86,70.9
1/18/2016,25,20,1010.57,88,46,30,20,21,18,1014,1008,0,29.86,69.4
1/19/2016,26,21,1010.52,85,46,30,21,22,20,1013,1008,0,29.92,69.3
1/20/2016,26,22,1011.38,83,56,30,23,24,21,1015,1009,0,29.93,70.3
1/21/2016,27,22,1012.27,84,46,31,23,23,20,1016,1010,0,29.87,68.4
1/22/2016,26,23,1012.98,89,54,30,22,24,21,1016,1011,0,29.88,68.5
1/23/2016,26,22,1014,89,53,29,23,23,21,1017,1012,0,29.95,68.5
1/24/2016,27,22,1014.45,94,52,30,24,24,21,1018,1012,0,29.97,69.6
1/25/2016,26,21,1013.25,89,45,30,21,22,19,1017,1011,0,29.89,68.2
1/26/2016,25,21,1012.82,89,45,30,20,23,20,1016,1010,0,29.89,70.5
1/27/2016,26,20,1012.7,88,38,31,20,22,17,1016,1010,0,29.92,73.9
1/28/2016,26,21,1012.73,88,39,31,20,22,19,1016,1010,0,29.97,73.4
1/29/2016,26,21,1013.64,94,43,31,21,23,19,1018,1011,0,29.99,73.4
1/30/2016,26,21,1013.52,94,38,31,20,23,18,1017,1011,0,29.95,73
1/31/2016,26,20,1013.18,94,31,32,21,23,16,1016,1011,0,29.95,73.2
2/1/2016,26,20,1012.93,100,34,32,20,22,16,1016,1011,0,30.01,73.2
2/2/2016,26,19,1013.43,94,25,32,19,22,13,1017,1011,0,29.94,75.2
2/3/2016,26,20,1012.54,94,23,32,21,22,14,1016,1010,0,30.01,75.6
2/4/2016,26,20,1012.75,94,33,32,20,22,16,1016,1010,0,30.03,75.6
2/5/2016,27,21,1012.47,94,32,32,22,23,17,1016,1010,0,29.95,70.9
2/6/2016,26,21,1011.26,94,51,29,22,22,20,1014,1009,0,29.97,70.2
2/7/2016,26,22,1012.56,88,46,31,21,23,21,1016,1010,0,29.91,71.1
2/8/2016,26,21,1012.02,89,45,31,22,23,20,1015,1009,0,29.89,70.3
2/9/2016,26,21,1011.93,94,41,31,21,23,19,1015,1009,0,29.98,69.4
2/10/2016,27,21,1011.32,94,30,33,21,23,15,1014,1009,0,29.99,69.4
2/11/2016,26,20,1010.82,94,30,32,21,23,15,1014,1009,0,29.91,72.3
2/12/2016,26,21,1010.79,88,37,32,21,22,19,1014,1009,0,29.93,71.6
2/13/2016,26,22,1011.52,94,41,32,21,23,19,1015,1009,0,29.89,71.8
2/14/2016,26,21,1011.93,94,40,31,21,22,19,1015,1010,0,29.93,72.1
2/15/2016,26,21,1013.25,94,47,31,20,23,20,1016,1011,0,29.89,72.9
2/16/2016,26,22,1013.39,94,43,32,21,23,18,1017,1011,0,29.9,74.1
2/17/2016,28,22,1013.3,94,40,32,23,24,20,1017,1011,0,29.97,72
2/18/2016,28,22,1013.38,94,34,32,23,24,18,1017,1011,0,29.98,72.5
2/19/2016,27,22,1014.07,94,46,32,22,24,21,1017,1012,0,29.88,73.4
2/20/2016,28,23,1013.64,94,45,33,23,25,22,1018,1011,0,29.86,77.2
2/21/2016,28,24,1012.43,94,47,33,23,25,22,1016,1009,0,29.88,76.5
2/22/2016,28,23,1012.93,94,44,34,23,24,21,1016,1010,0,29.84,76.1
2/23/2016,26,21,1012.42,90,40,32,21,22,20,1016,1010,0,29.87,74.7
2/24/2016,26,21,1011.34,88,35,33,20,22,18,1015,1009,0,29.93,75.7
2/25/2016,28,23,1011.68,89,47,32,23,26,22,1015,1009,0,29.93,75.6
2/26/2016,28,23,1013.41,84,50,32,24,24,22,1017,1011,0,29.86,75.2
2/27/2016,28,23,1014.5,94,50,32,23,26,22,1018,1012,0,29.84,73.8
2/28/2016,28,24,1015.16,89,49,32,25,25,22,1018,1013,0,29.71,77.5
2/29/2016,28,23,1014.95,89,47,31,24,24,22,1018,1013,0,29.78,79.3
3/1/2016,28,23,1013.25,89,44,33,23,24,21,1017,1011,0,29.79,79.7
3/2/2016,28,23,1013.3,89,46,32,23,24,20,1017,1011,0,29.75,79.9
3/3/2016,28,22,1013.91,83,42,32,23,23,20,1017,1011,0,29.77,79
3/4/2016,27,22,1012.34,94,43,32,22,24,20,1016,1010,0,29.79,80.1
3/5/2016,28,22,1011.45,94,38,33,23,24,20,1015,1009,0,29.77,79.2
3/6/2016,28,22,1011.02,94,39,33,23,24,21,1014,1009,0,29.8,79.2
3/7/2016,28,22,1010.79,89,41,33,22,25,21,1014,1009,0,29.85,79.3
3/8/2016,28,22,1010.25,89,42,33,23,23,21,1014,1008,0,29.84,79.5
3/9/2016,28,22,1010.4,89,44,33,22,24,20,1014,1008,0,29.77,78.4
3/10/2016,28,23,1011.23,83,44,34,23,25,22,1015,1009,0,29.64,81.3
3/11/2016,28,24,1011.36,89,42,34,23,25,22,1015,1009,0,29.62,82.2
3/12/2016,29,24,1010.57,89,44,34,24,26,23,1014,1009,0,29.65,82.4
3/13/2016,30,24,1010.46,89,42,35,24,26,22,1014,1008,0,29.66,82.8
3/14/2016,29,24,1010.84,89,46,34,24,25,22,1014,1009,0,29.63,81.7
3/15/2016,29,23,1010.65,89,40,34,24,24,21,1014,1008,0,29.67,80.2
3/16/2016,29,24,1009.95,89,45,34,24,26,22,1013,1007,0,29.72,78.8
3/17/2016,30,25,1010.38,89,49,34,25,26,23,1014,1008,0,29.67,76.6
3/18/2016,29,23,1010.18,84,44,33,25,25,22,1014,1008,0,29.65,79.3
3/19/2016,29,22,1009.61,89,29,36,22,25,16,1013,1007,0,29.72,82.8
3/20/2016,30,24,1009.63,89,28,37,24,27,21,1013,1006,0,29.7,81.9
3/21/2016,31,23,1008.54,89,24,38,24,26,19,1013,1006,0,29.62,81.5
3/22/2016,32,24,1006.93,84,31,38,26,27,19,1010,1004,0,29.71,78.4
3/23/2016,31,25,1008.1,89,37,36,26,27,22,1011,1006,0,29.68,78.6
3/24/2016,30,25,1010.68,89,47,34,25,26,23,1014,1008,0,29.74,79.5
3/25/2016,28,24,1012.48,94,41,34,23,24,22,1016,1010,0,29.73,77.7
3/26/2016,28,23,1011.75,89,44,33,24,24,21,1016,1009,0,29.72,72.9
3/27/2016,28,22,1011.46,94,40,33,23,23,21,1015,1009,0,29.73,74.1
3/28/2016,29,23,1012.75,81,44,34,25,23,23,1014,1011,0,29.68,74.3
3/29/2016,30,25,1011.64,89,42,35,25,26,23,1015,1009,0,29.68,70.2
3/30/2016,30,24,1011.46,94,39,35,25,25,22,1015,1004,0,29.72,68.7
3/31/2016,30,24,1010.45,89,46,35,25,25,23,1014,1008,0,29.67,76.6
4/1/2016,30,24,1008.61,89,39,35,24,26,21,1012,1006,0,29.7,76.8
4/2/2016,30,24,1008.96,89,42,35,25,26,22,1012,1006,0,29.71,77.7
4/3/2016,30,25,1010.05,89,41,36,25,26,23,1014,1007,0,29.7,74.7
4/4/2016,30,25,1008.91,89,41,36,25,26,22,1013,1005,0,29.73,75.7
4/5/2016,30,24,1008.27,84,36,37,24,26,20,1012,1005,0,29.7,75
4/6/2016,30,25,1009.13,94,37,36,24,26,22,1013,1007,0,29.75,75.4
4/7/2016,31,26,1008.59,89,44,36,26,27,24,1012,1006,0,29.74,70.2
4/8/2016,30,25,1008.57,84,45,35,26,26,24,1012,1006,0,29.78,68.5
4/9/2016,30,24,1009.36,89,44,35,24,26,23,1012,1007,0,29.75,71.2
4/10/2016,30,24,1010.27,89,41,36,24,26,21,1014,1008,0,29.67, 
4/11/2016,30,24,1008.96,94,38,36,24,26,20,1013,1006,0,29.71,72.5
4/12/2016,31,26,1007.14,94,45,37,25,27,24,1011,1004,0,29.7,73.9
4/13/2016,32,26,1005.2,84,39,38,27,28,22,1009,1001,0,29.77,75.9
4/14/2016,34,26,1005.71,84,39,39,28,27,23,1009,1003,0,29.78,77.4
4/15/2016,32,26,1007.66,89,39,37,27,27,23,1011,1006,0,29.75,77.7
4/16/2016,32,26,1007.36,89,38,37,26,27,24,1011,1005,0,29.75,76.1
4/17/2016,32,26,1006.79,84,43,37,26,27,25,1010,1004,0,29.8,75.9
4/18/2016,32,25,1007.34,84,43,36,27,27,24,1011,1005,0,29.77,73.4
4/19/2016,32,25,1008.18,84,47,36,27,26,23,1012,1005,0,29.71,74.7
4/20/2016,31,25,1008.95,89,40,36,26,27,23,1013,1006,0,29.77,76.5
4/21/2016,32,26,1007.48,89,38,38,27,27,24,1011,1004,0,29.75,78.4
4/22/2016,34,25,1006.02,89,24,41,27,27,20,1010,1003,0,29.76,76.8
4/23/2016,34,25,1004.21,79,37,40,28,27,23,1008,1001,0,29.8,70.5
4/24/2016,33,27,1003.18,84,46,38,28,28,25,1006,1001,0,29.79,71.8
4/25/2016,33,25,1005.05,84,33,38,28,27,22,1009,1003,0,29.72, 
4/26/2016,32,26,1007.64,89,41,37,27,27,23,1011,1005,0,29.71,74.8
4/27/2016,31,26,1007.46,84,47,36,26,27,24,1011,1005,0,29.77,74.8
4/28/2016,32,25,1006.89,94,35,38,27,27,22,1010,1004,0,29.78,75.6
4/29/2016,32,25,1007.5,89,36,38,26,27,22,1012,1005,0,29.77,75.9
4/30/2016,32,25,1007.66,94,38,37,26,27,23,1011,1005,0,29.78,73.9
5/1/2016,32,25,1006.79,94,31,39,26,27,20,1011,1003,0,29.82,73.9
5/2/2016,32,25,1006.63,89,32,38,26,27,20,1011,1004,0,29.74,74.8
5/3/2016,32,26,1006.46,89,37,38,27,27,23,1010,1004,0,29.73,75
5/4/2016,33,26,1007,84,35,38,28,27,23,1011,1004,0,29.79,77.4
5/5/2016,32,26,1007.54,84,43,37,27,27,24,1012,1004,0,29.8,76.8
5/6/2016,32,25,1007.54,84,38,37,27,26,21,1011,1005,0,29.76,75.6
5/7/2016,32,25,1007.14,79,36,37,27,26,22,1010,1005,0,29.83,75.7
5/8/2016,32,25,1008,84,38,37,27,26,23,1011,1005,0,29.8,75.6
5/9/2016,32,27,1008.75,77,54,36,30,27,27,1010,1007,0,29.73,76.5
5/10/2016,32,26,1007.62,89,42,37,28,27,24,1011,1005,0,29.72,76.6
5/11/2016,32,26,1006.86,89,44,36,28,27,24,1011,1004,0,29.77,77
5/12/2016,32,24,1005.09,84,32,38,27,27,22,1008,1002,0,29.78,76.6
5/13/2016,32,25,1004.98,79,37,38,27,27,22,1008,1003,0,29.78,77.9
5/14/2016,32,25,1006.34,84,35,37,27,27,22,1010,1004,0,29.73,78.4
5/15/2016,32,25,1006.59,84,33,37,27,27,22,1010,1004,0,29.7,77.5
5/16/2016,30,26,1004.02,94,42,34,25,27,24,1008,1001,25,29.71,77.4
5/17/2016,25,25,1000.77,100,83,27,23,26,24,1005,998,0,29.75,78.4
5/18/2016,25,25,998.12,100,86,27,23,26,24,1008,995,55,29.74,79.9
5/19/2016,28,23,1000.02,94,45,32,23,25,20,1003,998,0,29.69,75.6
5/20/2016,30,23,1000.93,78,40,36,25,26,21,1004,998,0,29.74,74.5
5/21/2016,32,24,1002.7,85,29,39,26,28,22,1006,1001,0,29.78,74.3
5/22/2016,33,24,1003.55,84,23,39,27,28,19,1007,1002,0,29.76,74.8
5/23/2016,34,24,1003.98,84,25,39,28,28,20,1008,1002,0,29.7,75.6
5/24/2016,34,24,1003.88,84,21,40,27,28,20,1007,1001,0,29.7,76.8
5/25/2016,34,24,1003.13,79,21,41,28,27,20,1007,1000,0, , 
5/26/2016,34,24,1003.32,84,26,40,29,28,20,1006,1001,0,29.74,77.9
5/27/2016,33,25,1004.79,84,33,38,28,28,21,1008,1003,0,29.68,73
5/28/2016,34,23,1004.7,75,24,40,27,27,21,1008,1002,0,29.7,75.7
5/29/2016,32,23,1004.39,74,36,37,27,25,21,1008,1002,0,29.75,75.2
5/30/2016,33,25,1003.77,84,25,39,27,27,20,1007,1002,0,29.72,75
5/31/2016,32,25,1004.62,84,31,37,27,27,22,1008,1002,0,29.67,75.4
6/1/2016,33,24,1004.75,75,29,39,27,27,22,1008,1002,0,29.66,77.5
6/2/2016,32,24,1004.52,75,32,37,27,26,22,1008,1002,0,29.59,73
6/3/2016,32,25,1003.96,84,33,38,27,27,22,1007,1002,0,29.6,74.7
6/4/2016,32,25,1003.66,84,37,36,27,27,22,1007,1002,0,29.62,76.1
6/5/2016,32,25,1004.21,84,34,38,26,27,22,1007,1002,0,29.71,73.9
6/6/2016,30,25,1004.36,84,36,36,25,27,23,1008,1001,30,29.63,73.2
6/7/2016,29,25,1004.64,94,48,36,22,27,23,1008,1002,4,29.61,76.3
6/8/2016,29,26,1004.21,94,53,34,24,27,24,1007,1002,7,29.67,75.2
6/9/2016,30,25,1004.63,89,42,36,25,27,23,1008,1002,0,29.63,75
6/10/2016,32,25,1004.86,86,39,36,27,27,22,1008,1003,0,29.73,78.4
6/11/2016,32,24,1004.86,79,34,37,27,27,22,1008,1003,0,29.79,78.3
6/12/2016,32,23,1004.98,84,32,38,27,27,21,1008,1003,0,29.79,80.1
6/13/2016,33,23,1005.11,84,36,38,28,27,21,1008,1002,0,29.76,79.5
6/14/2016,33,22,1004.25,62,33,38,28,24,21,1007,1002,0,29.73,78.4
6/15/2016,32,21,1002.82,70,27,37,28,26,19,1006,1000,0,29.7,79.3
6/16/2016,32,22,1001.82,75,34,37,28,26,20,1005,999,0,29.65,78.6
6/17/2016,32,23,1001.3,79,36,35,28,26,21,1004,999,0,29.68,77
6/18/2016,32,23,1002.04,79,40,35,28,26,22,1006,999,0,29.75,77.5
6/19/2016,31,24,1002.36,89,42,36,26,27,22,1006,1000,0,29.75,78.8
6/20/2016,28,24,1002.64,94,49,34,23,26,22,1006,1000,0,29.68,77.2
6/21/2016,30,24,1002.8,89,46,35,25,26,22,1006,1000,0,29.68,77
6/22/2016,29,24,1004.02,94,51,33,25,26,23,1007,1002,0,29.76,77.7
6/23/2016,28,24,1003.77,89,57,32,25,25,23,1007,1002,0,29.78,75.9
6/24/2016,30,23,1002.57,79,34,34,25,25,20,1006,1000,0,29.74,73.4
6/25/2016,28,23,1003.66,83,50,30,25,24,20,1007,1001,0.2,29.73,75.4
6/26/2016,28,23,1004.05,94,51,32,23,25,21,1007,1002,17,29.72,74.3
6/27/2016,28,24,1002.43,100,54,32,23,26,22,1006,1000,0,29.71,74.5
6/28/2016,29,24,1002.73,94,48,34,24,26,23,1006,1001,28,29.61,76.1
6/29/2016,26,24,1003.46,94,66,30,23,26,23,1007,1002,3,29.6,76.1
6/30/2016,29,23,1002.93,79,55,33,25,26,22,1006,1000,0,29.68,78.3
7/1/2016,30,23,1002.38,74,49,35,26,25,21,1006,1000,0,29.66,77.4
7/2/2016,32,23,1002.61,79,39,36,27,26,21,1006,1001,0.4,29.66,76.3
7/3/2016,31,24,1003.91,79,43,35,27,26,21,1007,1002,0,29.73,76.5
7/4/2016,31,24,1004.37,84,43,36,26,26,23,1007,1002,0,29.72,78.3
7/5/2016,30,24,1004.14,84,49,34,26,27,22,1007,1002,0,29.73,78.6
7/6/2016,30,24,1003.84,94,33,36,25,26,22,1007,1001,17,29.68,79.3
7/7/2016,28,24,1003.91,94,49,33,24,26,22,1007,1002,5,29.8,73
7/8/2016,30,24,1002.98,94,45,35,24,25,22,1009,1001,0,29.78,76.6
7/9/2016,32,22,1002.66,70,36,36,27,24,20,1006,1000,0,29.7,76.1
7/10/2016,32,21,1002.29,70,38,36,27,23,20,1006,999,0,29.68,76.8
7/11/2016,32,21,1002.14,70,36,37,27,23,19,1006,999,0,29.74,75
7/12/2016,32,21,1003.45,62,36,37,27,23,19,1007,1001,0,29.72,77.5
7/13/2016,32,22,1004.05,74,38,37,27,26,20,1008,1001,0,29.8,76.5
7/14/2016,32,23,1003.36,84,32,37,27,26,21,1007,1000,0,29.85,76.6
7/15/2016,31,24,1004.13,79,37,36,26,26,21,1007,1002,0,29.83,77.2
7/16/2016,31,23,1005.59,79,39,36,26,25,21,1010,1003,0,29.8,77.7
7/17/2016,30,24,1007.3,89,49,35,25,26,21,1010,1005,35,29.81,78.3
7/18/2016,29,24,1006.71,94,40,35,23,26,20,1009,1004,0,29.8,79.9
7/19/2016,28,24,1006.42,100,50,32,24,26,22,1010,1004,0,29.8,80.1
7/20/2016,28,24,1005.09,94,46,32,23,25,22,1008,1002,0,29.83,80.8
7/21/2016,28,23,1004.07,79,50,32,25,24,22,1007,1002,0,29.79,76.6
7/22/2016,30,23,1003.25,89,41,34,26,25,21,1007,1001,0,29.8,75.7
7/23/2016,28,21,1004.75,61,46,32,27,22,21,1006,1004,0,29.75,75.4
7/24/2016,30,24,1003.48,89,38,35,26,26,22,1007,1001,0,29.77,75.2
7/25/2016,29,24,1004.46,84,49,33,25,26,23,1008,1002,0,29.83,74.1
7/26/2016,29,23,1004.48,89,49,34,24,26,22,1007,1002,0,29.81,74.1
7/27/2016,30,25,1005.04,94,49,34,25,26,23,1008,1003,0.1,29.71,76.3
7/28/2016,30,25,1004.95,89,46,34,25,26,23,1008,1003,0,29.74,79.9
7/29/2016,28,24,1004.14,94,46,34,23,26,23,1008,1001,0,29.74,79.5
7/30/2016,28,23,1004.46,94,52,33,24,25,22,1008,1002,4,29.7,79.3
7/31/2016,28,23,1005.41,94,42,33,23,26,21,1008,1003,0,29.73,78.3
8/1/2016,30,22,1004.38,84,40,34,26,26,20,1008,1002,0.1,29.79,76.3
8/2/2016,29,21,1002.34,74,35,33,25,23,18,1006,999,0,29.74,77.4
8/3/2016,31,20,1001.95,65,30,36,26,21,18,1006,999,0,29.67,78.8
8/4/2016,32,21,1002.98,66,30,36,27,22,19,1006,1001,0,29.71,78.3
8/5/2016,32,21,1003.75,58,36,35,28,23,20,1007,1001,0,29.76,79.9
8/6/2016,32,22,1004.07,74,34,37,27,25,20,1007,1001,0,29.76,79.9
8/7/2016,32,22,1005.2,74,31,37,27,25,20,1008,1003,0.2,29.72,79.3
8/8/2016,32,23,1005.71,84,29,37,26,26,21,1009,1003,1,29.78,79
8/9/2016,32,24,1005.39,84,30,37,26,26,21,1008,1003,5,29.83,77.9
8/10/2016,31,23,1005.62,84,29,37,25,26,20,1009,1003,0.5,29.78,76.5
8/11/2016,32,23,1006.52,89,32,37,26,26,21,1010,1004,0,29.71,76.6
8/12/2016,32,23,1006.3,84,31,36,27,26,20,1010,1004,0,29.72,75.6
8/13/2016,31,24,1005.25,84,36,36,26,26,21,1008,1003,0,29.8,76.6
8/14/2016,31,23,1004.45,89,30,37,25,26,21,1008,1002,0,29.8,76.6
8/15/2016,32,22,1003.48,74,28,38,27,25,20,1007,1001,0,29.75,76.1
8/16/2016,32,20,1002.46,66,22,37,27,24,17,1006,1000,0,29.77,76.3
8/17/2016,32,20,1002.25,66,28,37,27,21,19,1006,999,0,29.84,76.5
8/18/2016,32,22,1002.66,79,26,38,27,26,19,1006,1000,0,29.81,76.5
8/19/2016,32,23,1003.3,74,25,38,27,25,19,1006,1001,0,29.73,76.6
8/20/2016,32,24,1003.5,79,32,38,26,26,20,1006,1001,0,29.75,74.8
8/21/2016,32,24,1004.07,89,42,37,26,27,22,1007,1002,0,29.81,76.1
8/22/2016,32,25,1004.8,84,31,37,27,26,21,1008,1003,0,29.82,75
8/23/2016,31,24,1004.68,89,37,37,25,26,22,1008,1002,0,29.78,74.5
8/24/2016,31,24,1003.95,91,36,38,24,25,21,1008,1000,0,29.79,74.1
8/25/2016,30,24,1004.23,89,46,34,26,26,22,1008,1002,0.4,29.84,75.4
8/26/2016,28,24,1004.39,94,52,32,25,25,23,1007,1003,14,29.82,75.7
8/27/2016,28,24,1004.25,94,53,33,24,26,23,1007,1003,14,29.75,73.8
8/28/2016,28,24,1004.75,89,51,33,24,26,23,1009,1003,0.6,29.78,72.3
8/29/2016,30,25,1003.63,94,46,34,25,26,23,1007,1001,0,29.81,71.2
8/30/2016,30,25,1002.93,94,49,35,25,27,23,1006,1001,11,29.88,74.1
8/31/2016,28,25,1004.18,100,60,32,23,26,23,1008,1002,0,29.85,75.6
9/1/2016,30,25,1005.37,100,43,35,24,27,23,1010,1002,0,29.81,77.4
9/2/2016,29,24,1005.89,100,49,35,23,26,22,1009,1003,0,29.84,76.3
9/3/2016,29,24,1005.7,100,49,33,25,26,23,1009,1003,32,29.91,77
9/4/2016,28,24,1007.07,94,44,33,23,26,22,1011,1004,0,29.88,75.6
9/5/2016,30,23,1007.52,94,39,33,26,26,21,1011,1006,0,29.81,76.5
9/6/2016,30,23,1007.5,94,41,35,25,26,20,1011,1005,0.2,29.84,77.7
9/7/2016,31,22,1006.53,79,36,36,26,25,19,1010,1004,0,29.9,78.6
9/8/2016,30,23,1006.22,89,29,36,25,25,19,1010,1004,0,29.91,77.2
9/9/2016,30,24,1006.48,89,44,35,26,26,22,1010,1004,5,29.86,74.5
9/10/2016,30,24,1005.48,100,36,36,25,26,22,1009,1002,53,29.93,76.5
9/11/2016,27,24,1005.02,94,43,31,23,25,20,1008,1002,0,30,75.9
9/12/2016,28,23,1004.16,84,52,31,25,25,22,1008,1002,0,29.93,76.6
9/13/2016,28,24,1004.47,89,50,32,25,26,22,1008,1002,0,29.95,77
9/14/2016,28,25,1004.46,89,65,30,25,25,24,1008,1002,1,30,76.1
9/15/2016,28,25,1003.91,94,52,33,24,26,23,1008,1001,0,29.98,73.6
9/16/2016,28,24,1004.44,100,46,36,22,26,23,1008,1002,21,29.93,71.6
9/17/2016,26,25,1004.87,100,68,30,23,26,23,1008,1003,0,29.88,73.4
9/18/2016,30,24,1005.71,94,42,34,25,26,21,1009,1003,0,29.96,74.1
9/19/2016,30,25,1005.71,89,39,35,26,27,21,1009,1003,0,29.94,73.2
9/20/2016,28,24,1004.6,89,65,30,25,25,23,1008,1002,5,29.88,72.9
9/21/2016,28,23,1004.73,94,44,33,23,24,22,1008,1002,0,29.87,73.4
9/22/2016,29,23,1004.7,94,40,35,23,26,22,1009,1001,0.7,29.94,74.7
9/23/2016,30,23,1002.72,74,41,35,26,26,22,1007,1000,0,29.94,73.6
9/24/2016,30,22,1002.07,70,35,35,26,24,20,1006,999,0,29.88,72.7
9/25/2016,30,23,1002.75,79,37,35,26,25,19,1006,1000,0,29.88,71.8
9/26/2016,31,24,1004.27,79,39,35,27,26,23,1008,1002,0,29.93,72.5
9/27/2016,30,25,1005.2,89,51,34,25,27,24,1009,1003,0,29.9,74.3
9/28/2016,28,25,1004.75,100,61,32,23,27,22,1009,1001,61,29.91,77
9/29/2016,28,24,1004.05,100,62,33,22,27,22,1007,1001,0.6,29.86,77.4
9/30/2016,29,25,1003.04,94,45,34,24,27,22,1006,1000,0,29.88,77.9
10/1/2016,30,24,1004.34,89,38,35,25,26,22,1008,1002,0,29.93,77.4
10/2/2016,30,25,1006.82,89,44,34,26,26,21,1011,1004,0,29.92,78.1
10/3/2016,30,25,1006.89,89,49,34,25,26,23,1011,1004,0,29.87,77
10/4/2016,29,25,1006.64,94,49,33,25,27,22,1010,1004,0,29.89,77.4
10/5/2016,30,24,1006.07,89,45,35,25,26,22,1010,1003,0,29.88,77.4
10/6/2016,31,25,1006.02,89,43,36,26,26,22,1010,1004,0,29.87,76.5
10/7/2016,30,25,1006.32,89,34,34,26,27,20,1010,1003,0,29.82,79.9
10/8/2016,31,24,1006.48,84,32,36,26,26,21,1011,1003,0,29.82,75.4
10/9/2016,30,24,1006.73,84,40,34,26,26,22,1011,1004,0,29.91,77.2
10/10/2016,30,24,1006.21,84,38,35,24,26,22,1010,1003,0,29.87,77.4
10/11/2016,30,24,1006.2,89,47,35,24,26,21,1010,1003,0,29.81,74.5
10/12/2016,31,24,1006.11,84,40,36,26,26,23,1010,1003,0,29.82,75.6
10/13/2016,30,24,1007,89,38,34,26,26,21,1011,1004,0,29.92,75.4
10/14/2016,30,23,1007.63,94,37,34,25,26,18,1011,1005,0,29.94,75.6
10/15/2016,30,22,1008.46,94,33,35,24,24,16,1012,1006,0,30.01,76.6
10/16/2016,28,21,1008.82,89,32,34,23,24,17,1012,1006,0,29.98,77.4
10/17/2016,28,22,1008.04,89,34,34,23,23,19,1011,1005,0,29.9,77.2
10/18/2016,29,21,1007.04,89,30,35,23,23,15,1011,1004,0,29.92,75.4
10/19/2016,28,22,1006.16,89,35,34,23,24,18,1010,1003,0,29.98,75.2
10/20/2016,29,22,1005.43,89,34,34,24,25,19,1009,1003,0,29.87,66.2
10/21/2016,28,20,1006.59,89,28,34,23,23,17,1010,1004,0,29.97,67.5
10/22/2016,28,20,1007.98,78,28,34,23,23,16,1011,1006,0,30.03,65.7
10/23/2016,28,19,1008.55,88,24,34,22,22,16,1012,1006,0,30.02,65.1
10/24/2016,28,18,1008.32,83,26,34,22,22,14,1012,1005,0,29.97,66.2
10/25/2016,28,19,1009.25,70,29,34,23,19,18,1011,1007,0,29.99,68.7
10/26/2016,28,18,1007.59,78,26,35,22,20,16,1011,1005,0,29.96,66
10/27/2016,28,19,1008.45,83,28,34,23,21,16,1012,1006,0,29.87,65.7
10/28/2016,28,20,1007.93,74,29,33,24,23,16,1012,1005,0,29.88,61.2
10/29/2016,29,23,1007.54,84,44,33,25,25,22,1011,1005,0,30.02,76.1
10/30/2016,27,24,1008.84,94,66,30,24,26,23,1013,1007,3,30.01,76.6
10/31/2016,28,24,1010.95,94,42,33,24,25,21,1015,1009,0.3,29.97,76.5
11/1/2016,28,24,1010.09,100,51,33,24,26,23,1013,1008,0,30.01,76.3
11/2/2016,26,24,1009.36,94,71,30,23,26,23,1013,1007,0,30.06,76.6
11/3/2016,27,25,1008.55,100,70,31,23,26,23,1012,1006,2,29.97,77.2
11/4/2016,28,23,1006.71,100,30,34,23,25,19,1010,1004,0,30.03,76.6
11/5/2016,28,22,1006.64,94,35,33,23,25,18,1010,1004,0,30.03,76.5
11/6/2016,28,22,1008.25,89,41,34,23,25,19,1012,1006,0,29.97,76.8
11/7/2016,27,23,1010.12,94,47,31,23,25,21,1013,1008,0,29.93,75.7
11/8/2016,27,21,1010.73,94,40,31,23,24,15,1014,1008,0,30,77
11/9/2016,26,17,1011.73,88,30,32,20,21,14,1016,1003,0,30.01,77.7
11/10/2016,26,18,1011.23,88,37,31,21,22,14,1015,1009,0,29.94,74.5
11/11/2016,26,19,1010.55,83,39,31,21,20,17,1014,1009,0,30.01,74.1
11/12/2016,26,22,1011.06,88,46,31,22,24,20,1015,1009,0.6,29.98,75
11/13/2016,28,24,1011.98,94,52,32,23,26,23,1016,1010,0,29.88,71.8
11/14/2016,28,24,1011.57,94,48,33,24,26,21,1015,1010,0,29.89,71.8
11/15/2016,28,24,1011.14,94,47,33,23,25,22,1014,1009,0,29.98,73.9
11/16/2016,27,24,1011,100,53,32,22,25,22,1014,1009,0,29.96,72.7
11/17/2016,28,23,1011.12,94,48,31,24,25,21,1014,1009,0,29.93,70.5
11/18/2016,27,21,1010.16,89,41,31,23,23,19,1014,1008,0,29.99,72.1
11/19/2016,26,21,1009.41,94,44,30,22,23,19,1013,1007,0,29.95,73.8
11/20/2016,26,21,1009.69,88,46,30,22,22,20,1013,1007,0,29.85,75
11/21/2016,26,21,1010.05,89,45,31,22,22,20,1014,1008,0,29.83,76.1
11/22/2016,26,20,1009.96,88,37,31,21,22,18,1013,1008,0, , 
11/23/2016,26,18,1010.18,94,24,32,20,22,11,1014,1008,0,29.9,76.8
11/24/2016,26,19,1010.71,88,38,31,21,22,16,1014,1008,0,29.83,75.2
11/25/2016,26,19,1009.96,83,32,31,20,20,17,1013,1007,0,29.87,75.9
11/26/2016,26,19,1010.9,88,40,31,20,20,16,1014,1009,0,29.96,75
11/27/2016,26,18,1010.38,94,35,32,19,20,15,1014,1008,0,29.97,73.4
11/28/2016,24,20,1010.48,94,38,30,19,22,17,1014,1008,0,29.93,73.9
11/29/2016,24,20,1011.41,100,47,30,19,22,19,1015,1009,0,29.96,73
11/30/2016,25,20,1011.07,94,41,30,20,22,19,1015,1009,0,30.03,73.9
12/1/2016,24,22,1008.55,100,66,26,22,25,20,1012,1007,35,30.01,74.3
12/2/2016,26,23,1009.93,95,64,29,22,25,21,1013,1008,0,29.98,75
12/3/2016,24,24,1012.09,100,75,27,21,26,22,1016,1010,30,30.04,75.4
12/4/2016,26,24,1012.93,100,63,30,22,25,23,1017,1011,0.4,30.04,75.2
12/5/2016,26,23,1011.73,100,55,30,23,25,21,1015,1009,0,30.01,70.3
12/6/2016,26,19,1011.32,91,31,31,21,22,15,1015,1009,0,30,68.2
12/7/2016,25,22,1010.77,89,64,29,21,24,20,1014,1009,0.3,30.01,68.2
12/8/2016,26,22,1010.52,94,44,30,22,23,20,1015,1008,0, , 
12/9/2016,25,19,1009.09,94,31,30,20,22,14,1013,1006,0,30.06,70
12/10/2016,24,17,1008.29,88,31,29,19,19,14,1019,1005,0,30.02,69.6
12/11/2016,24,16,1005.79,83,26,30,19,20,13,1010,1003,2,30.03,67.8
12/12/2016,21,21,995.59,100,74,23,19,24,19,1007,974,195,30.01,68.7
12/13/2016,24,23,1006.86,100,70,29,20,25,20,1012,1004,0,30.05,69.8
12/14/2016,26,23,1009.98,100,60,30,21,25,21,1014,1008,0,29.9,67.8
12/15/2016,26,23,1011.11,100,49,31,22,24,20,1015,1009,2,29.91,68
12/16/2016,26,22,1012.59,94,45,30,23,24,19,1016,1010,0,29.97,70.3
12/17/2016,25,21,1012.95,94,53,29,21,23,19,1017,1010,0,29.96,70.7
12/18/2016,25,21,1012.57,96,40,30,20,22,18,1016,1011,0,30.08,63.9
12/19/2016,25,20,1012.48,94,41,30,20,22,18,1016,1010,0,30.06,65.8
12/20/2016,26,21,1012.12,88,54,30,21,22,20,1016,1010,0,29.97,63.9
12/21/2016,26,22,1012.64,94,53,30,21,23,20,1017,1010,0,29.98,64.2
12/22/2016,25,19,1011.86,100,26,30,20,22,14,1016,1009,0,30.04,66.6
12/23/2016,24,18,1010.66,94,33,29,19,20,13,1014,1008,0,30.04,65.5
12/24/2016,24,18,1009.75,94,46,29,18,20,16,1014,1007,0,29.98,65.1
12/25/2016,24,18,1010.75,88,42,29,18,19,17,1014,1009,0,29.98,65.3
12/26/2016,24,19,1011.02,94,44,29,19,22,18,1014,1009,0,30.04,63.5
12/27/2016,26,21,1010.92,94,44,30,21,23,20,1014,1008,0,30.01,64
12/28/2016,26,21,1011.58,89,46,30,22,22,19,1015,1009,0,29.93,66.2
12/29/2016,25,19,1012.29,94,43,30,20,20,17,1016,1010,0,29.96,64.8
12/30/2016,24,19,1012.64,94,37,30,19,22,17,1016,1010,0,30,64.2
12/31/2016,24,19,1012.07,88,40,30,18,21,17,1016,1009,0,29.95,62.1
1/1/2017,26,20,1012.16,89,39,30,21,22,18,1016,1010,0,29.99,72.9
1/2/2017,26,21,1012.48,94,49,30,21,22,19,1016,1010,0,30.07,73
1/3/2017,25,19,1012.14,94,33,31,19,21,16,1016,1009,0,30.05,73.9
1/4/2017,24,20,1011.84,94,34,30,19,21,16,1015,1010,0,29.99,73.6
1/1/2017,26,20,1012.16,89,39,30,21,22,18,1016,1010,0,30.08,72.1
1/2/2017,26,21,1012.48,94,49,30,21,22,19,1016,1010,0,30.06,72.5
1/3/2017,25,19,1012.14,94,33,31,19,21,16,1016,1009,0,30.01,71.2
1/4/2017,24,20,1011.84,94,34,30,19,21,16,1015,1010,0,29.92,69.8
1/5/2017,25,20,1011.23,94,42,30,20,22,18,1015,1009,0,30.02,70.7
1/6/2017,25,20,1010.95,94,44,30,20,22,18,1015,1009,0,30.07,71.6
1/7/2017,24,19,1009.79,94,37,30,19,21,17,1014,1007,0,29.96,70
1/8/2017,24,18,1009.5,94,39,29,18,20,15,1013,1007,0,29.98,69.6
1/9/2017,24,18,1009.77,88,34,30,18,20,16,1014,1008,0,30.04,68.5
1/10/2017,24,19,1010.05,88,39,30,19,21,17,1014,1008,0,30.04,73.6
1/11/2017,24,19,1010.46,94,39,30,19,21,18,1014,1008,0,29.97,72
1/12/2017,25,20,1009.95,94,48,30,20,21,19,1014,1007,0,29.99,71.8
1/13/2017,25,19,1010.43,94,37,30,20,22,16,1014,1009,0,30.05,73.2
1/14/2017,24,19,1011.64,94,38,30,19,21,15,1015,1009,0,30.03,72.7
1/15/2017,26,20,1013.34,88,51,30,21,21,19,1017,1011,0,29.95,63.9
1/16/2017,24,19,1013.29,94,41,28,19,21,17,1018,1011,0,29.88,65.5
1/17/2017,24,18,1013.14,94,37,29,19,20,16,1017,1011,0,29.95,62.8
1/18/2017,24,17,1014.04,83,40,29,19,19,16,1017,1012,0,29.94,62.1
1/19/2017,24,18,1013.84,83,43,30,19,19,16,1017,1012,0,29.88,61.3
1/20/2017,26,20,1013,83,44,29,22,22,19,1016,1010,0,29.83,59.7
1/21/2017,27,22,1013.73,79,52,30,24,23,20,1018,1011,0,29.85,58.3
1/22/2017,26,20,1014.98,89,46,31,22,22,19,1018,1013,0,29.96,64
1/23/2017,26,20,1014.52,94,30,32,21,22,14,1019,1012,0,30.02,69.3
1/24/2017,26,20,1013.84,94,42,30,21,22,18,1017,1012,0,30,70.3
1/25/2017,26,20,1014.55,88,42,30,23,21,19,1018,1012,0,29.91,68.7
1/26/2017,27,22,1014.85,94,61,30,24,24,20,1017,1013,1,29.97,61.5
1/27/2017,26,24,1013.71,94,57,30,23,25,22,1015,1012,4,29.91,63
1/28/2017,27,23,1013.52,94,52,31,23,24,22,1015,1012,0,29.88,63.1
1/29/2017,26,22,1014.27,100,56,31,22,24,21,1017,1013,0,29.91,59.4
1/30/2017,25,21,1014.12,94,46,30,20,23,20,1017,1012,0,29.9,61.3
1/31/2017,26,20,1013.8,94,42,30,21,23,18,1016,1012,0,29.92,63.1
2/1/2017,25,19,1014.33,94,36,31,19,22,17,1016,1013,0,30.01,63.1
2/2/2017,24,20,1015.94,94,42,30,19,21,18,1018,1014,0,29.93,71.6
2/3/2017,25,20,1015.43,94,38,30,20,21,18,1018,1013,0,29.92,66.2
2/4/2017,24,19,1014.31,94,31,30,19,22,15,1017,1013,0,29.98,65.1
2/5/2017,25,18,1013.84,83,31,30,20,19,15,1016,1011,0,29.97,67.3
2/6/2017,25,17,1014,76,32,32,20,18,15,1015,1012,0,29.93,66.6
2/7/2017,26,17,1013.2,88,22,33,18,19,10,1016,1011,0,29.94,67.1
2/8/2017,24,17,1013.84,88,24,31,18,20,11,1016,1012,0,30.02,67.3
2/9/2017,24,18,1013.55,94,34,30,19,20,16,1016,1011,0,30.01,75.4
2/10/2017,24,17,1012.87,83,30,31,18,18,14,1015,1010,0,29.93,69.3
2/11/2017,24,18,1014.04,88,33,30,18,19,16,1016,1012,0,29.99,70.7
2/12/2017,25,18,1015.47,83,31,31,19,20,15,1018,1013,0,29.96,70.5
2/13/2017,26,20,1016.6,88,41,31,21,22,19,1019,1015,0,29.96,68.5
2/14/2017,28,21,1017.67,78,43,32,24,22,20,1020,1016,0,30,69.1
2/15/2017,26,20,1017.94,89,42,31,22,22,17,1020,1016,0,29.83,67.1
2/16/2017,26,18,1016.25,88,33,31,22,21,14,1019,1013,0,29.95,61
2/17/2017,25,18,1015.02,88,31,31,19,22,15,1018,1013,0,30.04,60.4
2/18/2017,25,19,1015.38,88,36,31,19,21,18,1018,1013,0,30.03,61.5
2/19/2017,26,20,1014.07,94,41,32,19,21,19,1017,1011,0,29.94,62.1
2/20/2017,28,21,1010.83,94,22,35,20,24,16,1014,1007,0,29.95,63.1
2/21/2017,28,22,1010.11,94,31,35,21,24,17,1013,1008,0,30.01,61.7
2/22/2017,28,23,1010.84,94,42,34,21,24,19,1013,1009,0,30.02,61.2
2/23/2017,27,22,1012.24,94,39,33,21,24,19,1015,1010,0,29.97,59.7
2/24/2017,26,21,1013.24,94,39,32,21,23,19,1015,1011,0,29.98,59.9
2/25/2017,26,21,1013.26,94,44,32,20,25,20,1016,1011,0,29.97,68.2
2/26/2017,25,22,1011.59,94,52,29,21,23,21,1014,1010,0,29.98,68
2/27/2017,26,22,1012.6,94,43,31,21,23,20,1015,1011,0,30.04,68.4
2/28/2017,26,21,1012.86,94,40,31,21,22,18,1016,1011,0,29.95,73.9
3/1/2017,26,21,1012.73,94,43,31,20,23,18,1014,1011,0,29.95,73.8
3/2/2017,26,21,1011.65,94,31,32,21,23,17,1015,1009,0,29.92,73.6
3/3/2017,26,22,1009.29,94,38,33,20,23,19,1012,1007,0,29.93,72.7
3/4/2017,28,24,1009,89,44,33,24,25,22,1011,1007,0,30.03,67.3
3/5/2017,29,24,1008.38,89,47,33,25,25,22,1011,1006,0,30.04,67.8
3/6/2017,29,25,1007.95,89,38,34,24,25,22,1010,1006,0,30.11,67.8
3/7/2017,30,25,1008.23,89,45,34,25,26,22,1011,1006,0,30.12,68.2
3/8/2017,29,24,1008.34,89,42,33,25,26,21,1013,1005,0,29.96,64.4
3/9/2017,30,25,1007.8,89,43,34,25,25,22,1010,1005,0,29.98,63.5
3/10/2017,30,25,1007.93,89,36,35,25,26,22,1010,1005,0,29.95,63.9
3/11/2017,31,24,1009.27,89,34,36,26,26,20,1012,1007,0,29.96,64
3/12/2017,30,25,1009.95,89,40,35,26,26,22,1012,1007,0,30.02,58.5
3/13/2017,30,25,1010.76,89,47,34,25,26,23,1013,1009,0,30.01,62.4
3/14/2017,30,25,1011.56,89,46,33,26,26,22,1014,1009,0,29.93,63.7
3/15/2017,29,24,1012.24,89,42,33,25,25,21,1014,1010,0,29.91,65.5
3/16/2017,28,23,1011.82,97,41,33,24,24,21,1014,1010,0,29.95,64.2
3/17/2017,29,23,1010.47,89,45,34,24,24,22,1013,1008,0,29.86,70
3/18/2017,30,24,1011.04,84,37,35,24,24,21,1014,1009,0,29.85,70.5
3/19/2017,30,24,1011.45,89,38,35,24,26,22,1014,1009,0,29.91,70.9
3/20/2017,30,25,1010.49,94,36,36,25,26,21,1013,1007,0,29.93,72
3/21/2017,30,25,1011.93,89,39,36,25,26,21,1014,1010,0,29.88,70.7
3/22/2017,30,24,1012,94,43,34,25,26,20,1015,1010,0,29.9,70.7
3/23/2017,28,22,1011.46,90,41,34,23,24,21,1014,1009,0,29.97,70.2
3/24/2017,28,21,1011.2,89,38,34,22,23,17,1013,1009,0,29.98,70.3
3/25/2017,28,22,1011.44,89,47,34,22,26,20,1014,1009,0,29.9,71.6
3/26/2017,28,22,1011.64,89,40,34,23,24,19,1014,1009,0,29.88,70.9
3/27/2017,28,22,1012,89,38,35,21,24,19,1015,1009,0,29.93,71.1
3/28/2017,29,24,1012.16,89,47,34,24,25,22,1015,1010,0,29.93,70.5
3/29/2017,28,24,1011.2,90,47,34,23,25,23,1013,1009,0,29.89,70.2
3/30/2017,29,24,1011.32,89,47,35,23,26,22,1014,1008,0,29.9,69.6
3/31/2017,30,25,1011.98,94,44,35,25,26,22,1015,1010,0,29.97,69.4
4/1/2017,30,24,1010.75,94,41,35,24,26,21,1014,1008,0,29.99,69.3
4/2/2017,30,25,1009.58,94,42,37,24,26,22,1012,1006,0,29.9,70
4/3/2017,31,25,1009.82,84,39,37,25,26,21,1012,1007,0,29.87,70.3
4/4/2017,30,26,1010.39,89,56,35,26,27,24,1013,1008,0,29.93,70.3
4/5/2017,31,26,1009.27,89,49,36,26,27,24,1012,1006,0,29.95,70.5
4/6/2017,32,26,1008.46,89,46,37,26,28,24,1011,1005,0,29.91,70.3
4/7/2017,32,26,1008.38,89,40,37,26,27,22,1011,1005,0,29.91,69.6
4/8/2017,30,25,1008.6,91,42,36,25,26,22,1011,1006,0,29.95,68.7
4/9/2017,31,26,1008.53,89,47,36,26,27,23,1011,1006,0,29.96,70
4/10/2017,32,25,1007.64,93,37,38,26,27,20,1010,1005,0,29.88,71.1
4/11/2017,31,26,1007.48,89,35,36,26,27,22,1010,1005,0,29.88,70.9
4/12/2017,31,26,1008.34,89,50,36,26,27,24,1011,1006,0,29.94,69.6
4/13/2017,30,25,1008.73,94,47,35,25,26,24,1011,1006,0,29.94,70.3
4/14/2017,28,25,1008.2,94,52,33,24,26,23,1010,1006,0,29.88,70.7
4/15/2017,30,25,1006.55,94,47,35,24,26,23,1009,1003,0,29.89,71.4
4/16/2017,34,25,1005.39,89,23,41,26,28,16,1008,1002,0,29.85,71.4
4/17/2017,34,25,1006.12,89,21,42,26,28,18,1008,1003,0,29.9,70.7
4/18/2017,32,25,1006.69,84,34,38,27,27,21,1009,1004,0,29.91,71.8
4/19/2017,32,26,1007.31,84,41,37,27,28,25,1010,1004,0,29.85,71.6
4/20/2017,32,26,1007,89,50,37,26,28,25,1010,1004,0,29.85,71.6
4/21/2017,32,25,1007.2,86,37,38,27,26,22,1010,1004,0,29.96,71.8
4/22/2017,32,25,1006.8,79,34,38,27,27,22,1010,1004,0,29.94,70.9
4/23/2017,33,26,1006.7,84,35,39,27,28,23,1009,1004,0,29.85,70.7
4/24/2017,33,27,1007.07,89,40,39,27,28,23,1009,1004,0,29.83,72
4/25/2017,32,27,1007.67,88,50,37,28,28,22,1010,1005,0,29.88,70.3
4/26/2017,32,26,1007.91,89,49,37,27,27,22,1010,1006,0,29.86,70.2
4/27/2017,32,25,1008.35,89,28,38,27,28,21,1010,1006,0,29.79,70.2
4/28/2017,32,26,1008.91,89,35,37,27,27,22,1012,1006,0,29.79,72.1
4/29/2017,32,24,1008.8,84,37,37,26,27,20,1011,1006,0,29.88,71.1
4/30/2017,32,25,1008.89,84,36,37,27,27,23,1012,1006,0,29.87,72.1
5/1/2017,31,24,1009.71,84,35,36,26,26,19,1012,1007,0,29.78,69.1
5/2/2017,31,25,1010.77,84,47,35,27,26,22,1013,1009,0,29.76,70.9
5/3/2017,30,24,1010.66,84,38,36,25,26,22,1013,1008,0,29.76,75
5/4/2017,30,25,1010.14,84,36,36,25,27,21,1012,1008,0,29.75,75
5/5/2017,32,25,1009.89,89,41,37,26,27,23,1012,1007,0,29.82,75.9
5/6/2017,32,26,1010.18,84,40,37,27,28,24,1013,1007,0,29.84,76.1
5/7/2017,32,26,1010.55,84,41,37,27,27,23,1013,1007,0,29.75,78.6
5/8/2017,32,23,1009.02,79,38,37,26,27,21,1012,1006,0,29.76,77.9
5/9/2017,33,24,1007.46,84,32,39,27,27,20,1010,1004,0,29.84,78.6
5/10/2017,30,24,1008.4,79,47,35,26,26,22,1012,1006,0,29.85,78.4
5/11/2017,30,25,1008.84,89,50,33,27,27,22,1011,1006,0.9,29.75,77.5
5/12/2017,31,26,1008.68,89,42,36,26,27,24,1011,1006,0,29.75,77.5
5/13/2017,31,25,1007.45,84,40,36,26,26,23,1010,1004,0,29.82,78.4
5/14/2017,33,26,1005.75,89,35,39,27,28,22,1008,1002,0,29.85,78.3
5/15/2017,35,25,1004,84,25,42,28,28,19,1006,1001,0,29.8,78.1
5/16/2017,34,25,1002.84,79,25,41,28,28,21,1005,1000,0,29.8,78.4
5/17/2017,36,25,1003,75,32,42,29,27,22,1007,1000,0,29.87,78.6
5/18/2017,36,23,1003.73,66,27,43,29,26,20,1006,1001,0,29.88,77.7
5/19/2017,35,22,1005,70,28,42,28,27,19,1007,1003,0,29.77,77.4
5/20/2017,34,23,1004.05,75,26,41,28,28,20,1007,1001,0,29.76,77.2
5/21/2017,34,23,1003.56,75,27,39,28,27,19,1005,1002,0,29.84,78.3
5/22/2017,33,26,1004.35,79,47,38,28,28,22,1007,1002,0,29.87,77.5
5/23/2017,34,22,1004.76,79,29,40,27,27,19,1007,1003,0,29.84,73.8
5/24/2017,34,26,1003.93,84,35,41,28,28,22,1006,1001,0,29.92,73
5/25/2017,32,26,1003.27,84,51,37,28,28,24,1005,1001,0,29.85,72.7
5/26/2017,34,24,1002.82,79,36,40,29,27,21,1005,1000,0,29.83,72.9
5/27/2017,34,24,1003.14,79,33,40,28,28,21,1004,1002,0,29.87,73.4
5/28/2017,34,24,1002.68,79,30,40,29,27,22,1005,1001,0,29.86,73.6
5/29/2017,35,22,1001.8,59,24,41,29,25,19,1004,999,0,29.81,74.3
5/30/2017,35,22,1001.71,70,22,41,29,27,18,1004,999,0,29.8,73.4
5/31/2017,34,23,1003.09,75,20,40,29,26,18,1005,1001,0,29.88,74.3
6/1/2017,33,24,1003.61,81,33,39,27,27,20,1006,1001,0,29.85,74.3
6/2/2017,32,25,1004.52,81,43,37,27,27,23,1007,1002,0,29.8,73.8
6/3/2017,34,24,1004.98,79,27,40,28,27,21,1007,1002,0,29.78,74.5
6/4/2017,34,23,1005.14,79,31,39,29,27,20,1007,1003,0,29.81,74.5
6/5/2017,34,24,1004.5,79,24,41,28,27,20,1006,1002,1,29.83,75.6
6/6/2017,32,23,1005.23,94,34,40,25,26,22,1008,1003,12,29.8,74.8
6/7/2017,28,23,1006.76,89,37,33,23,25,20,1009,1005,0,29.83,75.2
6/8/2017,31,22,1005.31,70,29,36,26,24,19,1008,1003,0,29.85,77.2
6/9/2017,32,22,1003.86,62,36,36,28,24,21,1006,1001,0,29.79,75.9
6/10/2017,33,22,1003.61,58,35,38,28,23,21,1006,1001,0,29.83,75.7
6/11/2017,33,22,1003.96,75,32,38,28,26,20,1007,1001,0,29.91,75.9
6/12/2017,33,23,1004.39,75,31,38,28,26,21,1007,1002,0,29.88,75
6/13/2017,34,24,1004.36,79,33,39,28,27,22,1006,1002,0,29.93,76.8
6/14/2017,33,25,1005.25,89,34,39,27,29,22,1007,1003,0.5,30,77.4
6/15/2017,32,24,1006.12,83,32,37,26,27,21,1008,1004,0,29.98,77.4
6/16/2017,32,24,1006.25,84,32,37,27,27,21,1008,1004,0.4,29.9,82.4
6/17/2017,31,25,1005.83,84,33,38,24,27,20,1008,1003,0,29.96,76.1
6/18/2017,32,24,1005.13,84,33,37,27,27,21,1008,1002,0,29.98,74.7
6/19/2017,30,25,1005.05,98,41,36,25,27,22,1008,1003,38,29.92,75.9
6/20/2017,28,25,1006.04,100,44,34,23,27,22,1008,1004,0,29.95,75.6
6/21/2017,32,24,1005.56,84,32,38,25,27,22,1008,1003,0,30.04,79.3
6/22/2017,32,24,1005.78,84,32,37,26,27,21,1008,1003,0,30.01,84.6
6/23/2017,32,24,1004.89,94,30,39,25,27,20,1007,1002,0,29.93,82.2
6/24/2017,29,24,1003.54,100,40,36,22,27,22,1006,1001,11,29.92, 
6/25/2017,30,23,1002.35,89,39,36,24,26,21,1004,1000,0,29.98,86.5
6/26/2017,31,23,1003.71,79,39,36,26,25,21,1005,1002,0,29.89, 
6/27/2017,32,23,1004.78,79,39,36,27,27,20,1007,1003,0,29.89,87.3
6/28/2017,32,22,1005.33,66,38,37,27,27,19,1008,1003,0,29.96,80.2
6/29/2017,32,21,1004.98,75,33,38,27,26,18,1007,1002,0,29.97,81.5
6/30/2017,32,23,1003.98,75,34,36,28,26,21,1006,1001,2,29.93,81.5
7/1/2017,31,23,1004.22,75,30,35,27,26,20,1006,1002,0,29.85,76.3
7/2/2017,32,23,1004.55,79,28,38,27,26,19,1007,1002,0,29.9,76.3
7/3/2017,32,24,1005.63,89,37,37,27,26,22,1008,1003,2,29.85,76.1
7/4/2017,31,23,1006.21,81,31,37,25,26,21,1008,1004,0,29.87,75.4
7/5/2017,33,23,1005.8,75,30,39,27,26,20,1008,1003,0,29.96,80.6
7/6/2017,31,23,1005.84,94,35,38,24,27,20,1008,1003,47,30.02, 
7/7/2017,28,24,1006.3,94,44,34,21,26,22,1008,1004,0,29.99, 
7/8/2017,30,24,1006.04,79,53,33,26,25,23,1008,1004,0,29.89, 
7/9/2017,30,24,1005.98,100,36,37,23,26,21,1009,1003,46,29.89, 
7/10/2017,29,24,1006.73,94,47,36,22,27,22,1009,1004,0,29.95,80.4
7/11/2017,30,24,1006.3,89,40,35,24,26,22,1009,1004,50,29.97,80.1
7/12/2017,27,24,1007.14,100,60,31,23,26,21,1009,1004,0,29.92,79.2
7/13/2017,29,24,1005.88,86,47,33,25,28,22,1008,1004,0.2,29.94,79
7/14/2017,29,23,1005.85,84,50,31,27,26,21,1008,1004,0,30.01,81.3
7/15/2017,30,23,1006.09,81,52,33,26,27,21,1008,1004,0.3,29.99,81.7
7/16/2017,29,23,1005.12,94,47,33,25,25,21,1007,1003,0,29.89,82.4
7/17/2017,30,23,1003.52,81,48,33,27,27,21,1006,1001,0,29.86,89.1
7/18/2017,32,23,1003.32,79,38,36,28,26,21,1005,1001,0,29.91,82.4
7/19/2017,32,22,1003.62,83,40,37,26,26,21,1006,1000,2,29.91,82
7/20/2017,31,23,1003.83,79,33,38,24,27,21,1006,1001,0,29.92,82.8
7/21/2017,32,21,1004.55,75,30,38,27,26,16,1007,1001,0,29.87,81.1
7/22/2017,33,23,1005.07,74,42,38,28,26,22,1007,1002,0,29.89,79.9
7/23/2017,33,24,1004.91,79,35,38,28,27,21,1007,1002,0,29.96,81.9
7/24/2017,32,24,1005.14,84,32,38,27,26,21,1007,1002,0,29.94,82.8
7/25/2017,32,24,1004.4,84,30,37,27,26,21,1007,1002,0,29.88,85.6
7/26/2017,32,24,1004.36,89,31,38,26,26,22,1007,1001,36,29.88,81.1
7/27/2017,30,25,1005.5,94,36,36,24,27,21,1008,1003,0,29.93,80.2
7/28/2017,30,24,1006.76,94,39,36,25,26,22,1010,1004,2,29.93,79.5
7/29/2017,30,25,1007.37,94,40,36,24,27,23,1010,1005,0,29.89,80.1
7/30/2017,30,25,1006.63,89,47,35,25,27,23,1009,1004,0,29.96,79.9
7/31/2017,30,25,1006.73,84,47,35,26,26,22,1009,1004,0,29.93,81.3
8/1/2017,30,25,1006.69,89,44,36,25,27,23,1008,1004,0,29.84,81.3
8/2/2017,30,25,1007.16,94,40,36,23,28,23,1009,1004,8,29.81,81.7
8/3/2017,30,24,1005.82,84,35,35,25,26,19,1009,1003,0,29.88,81
8/4/2017,32,24,1003.81,84,40,36,27,26,23,1006,1001,0.7,29.87,82.2
8/5/2017,30,25,1002.87,89,48,33,27,27,22,1005,1001,4,29.83,81
8/6/2017,31,24,1002.82,89,30,37,25,26,21,1005,1000,0,29.87,81.5
8/7/2017,30,24,1004.34,94,47,35,25,26,22,1007,1002,6,29.85,80.1
8/8/2017,28,25,1005.48,89,47,34,23,26,23,1007,1003,0,29.92,80.1
8/9/2017,30,25,1006.29,84,40,35,25,26,22,1008,1004,0,29.81,82
8/10/2017,30,25,1006.91,89,49,34,25,26,23,1009,1004,0,29.8,81
8/11/2017,30,25,1007,100,47,34,25,27,23,1009,1004,19,29.87,81.1
8/12/2017,28,25,1007.33,94,47,34,23,27,22,1009,1005,7,29.82,80.2
8/13/2017,28,25,1008.5,94,56,33,23,26,22,1012,1006,16,29.76,76.1
8/14/2017,29,25,1009.29,94,52,34,24,26,23,1011,1007,0,29.79,75.2
8/15/2017,29,24,1008.42,94,53,34,24,27,23,1011,1006,6,29.84,79.5
8/16/2017,30,24,1006.48,94,45,35,24,26,22,1009,1003,19,29.9,83.5
8/17/2017,28,25,1004.25,100,54,33,24,26,22,1007,1001,0,29.89,79.5
8/18/2017,28,25,1002.8,100,47,34,22,26,22,1005,1000,4,29.82,79.3
8/19/2017,29,25,1003.04,94,53,34,24,26,24,1006,1001,0.6,29.86,76.5
8/20/2017,28,24,1003.63,94,52,32,25,25,23,1006,1000,0,29.84,76.6
8/21/2017,30,24,1003.56,94,45,34,25,27,23,1005,1001,15,29.74,78.4
8/22/2017,28,25,1004.2,89,57,32,25,27,23,1006,1002,0,29.8,81.3
8/23/2017,30,25,1004.93,94,42,35,25,27,23,1007,1003,6,29.82,81.1
8/24/2017,28,25,1005.07,94,60,32,25,27,23,1007,1002,0.1,29.89,80.1
8/25/2017,26,25,1004.46,94,62,30,23,26,23,1007,1002,0.2,29.88,81.1
8/26/2017,30,25,1002.54,100,47,34,26,27,24,1005,999,11,29.79,81.5
8/27/2017,28,25,1001.69,94,60,32,24,26,23,1004,999,5,29.77,85.6
8/28/2017,28,24,1001.39,89,59,32,25,26,24,1003,999,0,29.84,81.3
8/29/2017,29,24,1002.84,79,50,33,25,25,23,1005,1001,0,29.85,81.1
8/30/2017,30,25,1005.5,94,42,36,25,27,23,1009,1003,11,29.81,81.5
8/31/2017,28,25,1007.36,94,45,34,23,27,22,1010,1005,0.3,29.81,82
9/1/2017,29,26,1007.76,94,61,33,25,27,22,1011,1005,12,29.81,82.4
9/2/2017,30,26,1007.47,94,53,34,25,27,24,1009,1005,0.5,29.78,77.2
9/3/2017,30,25,1007.73,94,51,34,25,27,24,1010,1005,0,29.82,76.6
9/4/2017,30,26,1007.77,94,46,36,25,28,24,1010,1005,0,29.77,75.7
9/5/2017,31,27,1007.25,94,52,35,26,28,23,1010,1004,0,29.77,75.6
9/6/2017,28,25,1006.43,94,57,34,23,27,23,1008,1003,0,29.84,81.1
9/7/2017,28,25,1006.54,100,57,33,23,27,22,1009,1004,0,29.91,89.1
9/8/2017,29,26,1006.88,94,60,33,25,27,25,1009,1004,0,29.82,88.2
9/9/2017,30,26,1006.43,94,60,33,26,27,24,1009,1004,0,29.79,83.3
9/10/2017,29,25,1006.55,89,53,33,25,27,24,1008,1005,0,29.87,81.5
9/11/2017,30,25,1007.52,94,54,33,26,26,24,1010,1006,0,29.89,82.8
9/12/2017,29,26,1008.95,94,66,32,26,27,25,1011,1007,9,29.84,80.4
9/13/2017,30,26,1008.96,94,54,34,25,27,23,1011,1006,0,29.85,79.9
9/14/2017,29,26,1007.77,94,57,33,25,27,25,1010,1005,0.5,29.91,89.6
9/15/2017,29,25,1006.89,89,54,33,25,26,23,1010,1004,0,29.92,88.7
9/16/2017,28,26,1006.32,94,63,31,24,27,23,1009,1004,14,29.9,78.4
9/17/2017,26,24,1007.52,94,65,30,23,26,22,1009,1006,0.8,29.88,79.9
9/18/2017,30,24,1007.98,94,45,34,25,26,22,1010,1006,11,29.8,80.8
9/19/2017,29,24,1006.85,94,44,35,23,25,22,1009,1004,0,29.79,80.2
9/20/2017,30,23,1006.16,84,41,34,25,27,21,1009,1003,0,29.84,79
9/21/2017,30,23,1006.05,84,40,35,25,26,20,1008,1003,0,29.86,78.6
9/22/2017,30,24,1007.12,89,49,34,26,26,23,1009,1005,0,29.82,78.4
9/23/2017,30,25,1008.16,89,47,35,26,26,23,1010,1006,1,29.8,79.5
9/24/2017,28,26,1007.94,94,62,31,25,27,24,1010,1005,23,29.84, 
9/25/2017,26,24,1006.48,94,65,30,23,25,22,1009,1003,0,29.73,81.3
9/26/2017,28,25,1006.16,94,59,31,25,26,24,1008,1004,0.1,29.78,83.3
9/27/2017,28,25,1006.29,89,60,30,25,26,23,1009,1004,0.2,29.81,86.2
9/28/2017,28,25,1005.78,94,57,32,24,26,22,1008,1003,0.7,29.72,83.1
9/29/2017,30,25,1005.79,94,49,34,25,27,24,1008,1003,0,29.7,84.4
9/30/2017,30,26,1007.3,89,59,33,26,27,24,1009,1006,0,29.77,88
10/1/2017,28,26,1007.44,100,63,33,23,27,23,1010,1005,0,29.8,87.4
10/2/2017,28,25,1006.57,94,49,33,23,26,23,1009,1004,0,29.78,85.1
10/3/2017,30,25,1006.66,100,51,35,24,27,23,1009,1003,41,29.79,82.9
10/4/2017,28,25,1006.93,100,50,34,22,27,22,1009,1005,4,29.83,84.7
10/5/2017,28,25,1005.95,94,57,33,24,27,24,1007,1004,23,29.81,87.6
10/6/2017,28,25,1005.73,94,49,33,24,26,24,1008,1003,0,29.79,83.1
10/7/2017,29,26,1006.09,94,59,33,25,27,25,1008,1004,0,29.85,84.6
10/8/2017,29,26,1006.07,89,47,33,25,27,22,1008,1003,0,29.84,85.8
10/9/2017,30,26,1005.69,89,56,33,26,27,25,1008,1003,0,29.75,84.6
10/10/2017,29,25,1005.25,89,56,34,24,27,23,1008,1002,0,29.74,85.6
10/11/2017,29,26,1005.71,94,53,33,25,27,24,1008,1004,0,29.83,83.7
10/12/2017,28,26,1006.45,94,66,30,25,27,24,1008,1004,0,29.85,84
10/13/2017,27,26,1005.8,93,74,29,25,26,24,1008,1003,1,29.78,83.1
10/14/2017,28,26,1005.55,94,68,31,25,27,24,1008,1003,0,29.75,80.2
10/15/2017,28,25,1006.02,89,65,30,25,26,24,1008,1004,0,29.71,80.2
10/16/2017,26,25,1006.69,94,78,27,25,26,24,1009,1005,8,29.84,83.7
10/17/2017,26,25,1005.78,94,77,28,23,26,24,1008,1004,0.1,29.86,84.9
10/18/2017,30,25,1005.07,94,42,34,25,27,23,1008,1003,0,29.82,80.2
10/19/2017,30,24,1005.56,94,36,35,24,28,18,1008,1003,0,29.78,80.2
10/20/2017,30,26,1007.44,94,44,35,26,28,24,1010,1005,0,29.65,81.3
10/21/2017,30,26,1008.44,94,46,35,25,27,24,1011,1006,0,29.73,81.3
10/22/2017,30,25,1008.77,87,56,34,26,27,23,1011,1007,0,29.73,80.8
10/23/2017,30,26,1009.44,94,41,35,26,27,22,1011,1007,0,29.67,79.2
10/24/2017,30,25,1010.92,94,56,34,25,27,23,1013,1009,0,29.71,79.3
10/25/2017,29,25,1012.36,94,53,33,25,27,23,1014,1010,9,29.8,81.7
10/26/2017,28,25,1012.82,94,54,32,24,26,23,1015,1011,2,29.83,81.7
10/27/2017,28,24,1011.87,94,49,32,23,26,21,1014,1010,1,29.79,81.7
10/28/2017,28,24,1011.52,94,53,32,23,26,21,1014,1009,3,29.76,79
10/29/2017,28,24,1011.51,94,51,32,24,26,23,1014,1009,10,29.75,80.1
10/30/2017,24,24,1011.51,100,89,25,23,25,23,1014,1009,165,29.65,80.1
10/31/2017,24,24,1010.74,100,73,28,21,25,22,1013,1008,0,29.81,81.5
11/1/2017,23,24,1011.27,100,89,25,21,25,22,1013,1010,24,29.89,81.7
11/2/2017,26,24,1010.21,100,67,30,22,25,22,1012,1008,130,29.86,82.4
11/3/2017,25,24,1009.46,100,65,28,22,25,22,1011,1007,0,29.77,85.5
11/4/2017,25,24,1009.66,100,84,29,21,26,22,1012,1007,20,29.73,84
11/5/2017,26,25,1010.09,100,71,29,23,26,23,1012,1008,0,29.82,83.7
11/6/2017,25,25,1011,100,82,27,23,26,23,1014,1009,8,29.75,84
11/7/2017,24,24,1011.6,100,89,25,22,25,22,1014,1010,20,29.72,84.2
11/8/2017,26,24,1011.44,94,51,31,22,26,22,1014,1009,0,29.8,84.7
11/9/2017,27,24,1010.27,100,54,31,23,25,22,1012,1008,0,29.83,83.7
11/10/2017,26,24,1009.66,94,70,28,23,25,22,1012,1008,5,29.77,83.1
11/11/2017,26,23,1009.47,94,55,29,24,25,20,1012,1007,0, , 
11/12/2017,25,21,1007.73,100,60,27,23,24,19,1009,1006,0, , 
11/13/2017,23,23,1006.98,100,83,25,21,24,22,1009,1005,13, , 
11/14/2017,24,24,1006.21,100,80,27,21,25,22,1008,1004,2,29.79,85.5
11/15/2017,28,25,1006.46,94,52,33,23,26,23,1009,1004,0,29.83,83.3
11/16/2017,28,25,1007.35,94,50,33,24,26,23,1010,1005,0,29.76,85.8
11/17/2017,28,26,1008.75,100,63,31,24,27,25,1011,1007,0,29.74,85.1
11/18/2017,28,26,1009.74,100,61,32,23,27,25,1012,1008,0,29.81,85.6
11/19/2017,28,26,1011.15,100,52,32,24,27,24,1013,1009,0,29.85,85.6
11/20/2017,28,26,1011.63,100,58,32,24,27,23,1014,1009,0,29.81,83.7
11/21/2017,28,25,1011,100,52,32,24,27,23,1013,1009,0,29.65,82.6
11/22/2017,28,24,1010.47,95,51,32,24,26,23,1012,1008,0,29.74,83.3
11/23/2017,28,23,1010.46,94,36,32,24,25,18,1013,1008,0,29.78,82.6
11/24/2017,26,24,1011.6,94,64,30,23,26,23,1014,1010,0,29.72,81.5
11/25/2017,27,23,1012.5,89,52,30,24,24,21,1015,1011,1,29.81,81.9
11/26/2017,26,25,1012.69,94,79,28,23,26,22,1015,1010,82,29.89,84
11/27/2017,26,24,1011.68,94,61,30,22,27,22,1014,1010,1,29.87,84.2
11/28/2017,26,24,1011.72,94,57,30,23,25,22,1014,1010,0,29.79,84.7
11/29/2017,26,24,1012,100,64,29,23,26,23,1014,1010,15,29.78,83.8
11/30/2017,26,25,1010.93,100,73,29,23,27,23,1014,1009,29,29.84,85.1
12/1/2017,25,24,1010.35,100,73,28,22,26,22,1012,1006,0.4,29.78,81.1
12/2/2017,26,22,1011.7,84,42,29,23,24,19,1014,1010,0,29.78,81.5
12/3/2017,26,22,1012.51,89,59,29,24,23,21,1014,1011,0,29.68,81.7
12/4/2017,26,22,1011.62,94,54,29,22,23,21,1013,1009,0,29.67,82.6
12/5/2017,26,23,1010.73,94,62,29,22,25,22,1013,1008,0,29.75,82.9
12/6/2017,26,23,1010.34,94,56,30,23,24,21,1013,1008,0,29.78,81.7
12/7/2017,26,23,1009.8,94,57,29,22,23,21,1012,1008,0,29.7,80.1
12/8/2017,26,21,1009.85,94,33,31,20,22,17,1012,1007,0,29.78,84.4
12/9/2017,26,22,1010.7,94,37,32,21,24,18,1013,1008,0,29.84,85.1
12/10/2017,26,22,1012.04,100,40,31,22,23,18,1014,1010,0,29.86,84.9
12/11/2017,26,23,1013.33,94,52,31,21,24,21,1016,1011,0,29.8,83.7
12/12/2017,26,24,1013.55,100,55,31,22,25,22,1016,1011,0,29.78,80.8
12/13/2017,26,23,1013.7,100,56,30,22,25,22,1016,1012,0,29.78,81.1
12/14/2017,26,23,1014.25,94,55,31,21,24,21,1016,1012,0,29.71,81
12/15/2017,26,24,1014.46,100,62,30,23,25,22,1017,1012,0,29.68,81.3
12/16/2017,27,22,1015.68,83,48,30,24,24,20,1018,1014,0,29.76,81.7
12/17/2017,26,20,1016.31,83,43,30,22,23,17,1019,1014,0,29.8,81.9
12/18/2017,26,20,1016.24,88,47,29,24,22,18,1019,1014,0,29.72,81.5
12/19/2017,24,20,1015.33,78,47,29,20,22,18,1017,1013,0,29.85,82.9
12/20/2017,25,20,1015.91,88,45,29,21,21,19,1018,1014,0,29.91,82.8
12/21/2017,24,22,1015.72,94,64,28,21,25,19,1018,1014,0,29.88,82.8
12/22/2017,25,22,1014.78,100,51,28,22,25,21,1017,1013,0,29.81,83.7
12/23/2017,26,22,1012.73,100,51,30,22,24,19,1015,1010,0,29.79,84
12/24/2017,25,21,1012.4,89,46,29,21,22,20,1015,1010,0,29.79,80.4
12/25/2017,24,22,1012.98,94,61,28,21,23,21,1015,1011,0,29.77,79.5
12/26/2017,24,22,1013.61,100,52,29,20,23,21,1015,1011,0,29.71,80.2
12/27/2017,24,19,1013.54,94,46,29,19,22,17,1016,1011,0,29.76,82
12/28/2017,24,18,1013.11,83,39,29,18,20,17,1016,1011,0,29.81,81.3
12/29/2017,25,21,1013.39,89,48,29,21,23,19,1015,1011,0,29.78,81
12/30/2017,25,22,1012.82,100,50,29,21,23,20,1015,1010,0,29.9,82.8
12/31/2017,26,21,1011.21,94,46,30,21,24,18,1014,1008,0,29.87,82.2
